"Huc6_Vahu6","FDT_SPG_CODE","nObservations","yearsSampled","nYearsSampled","n_Samples_2013","n_Samples_2014","n_Samples_2015","n_Samples_2016","n_Samples_2017","n_Samples_2018","n_Samples_2019","n_Samples_2016_2019","n_Samples_IR2020","n_Samples_IR2022","n_Samples_IR2024"
"JM01","RB, BN, TR, TM",100,"2013, 2014, 2015, 2016, 2017, 2018, 2019",7,"12 : BN | 2 : RB","11 : BN | 2 : RB","12 : BN | 2 : RB","10 : BN | 2 : RB | 2 : TR","11 : BN | 2 : RB | 1 : TM","11 : BN | 2 : RB | 2 : TM | 1 : TR","11 : BN | 3 : RB | 1 : TM","BN: 43 | RB: 9 | TR: 3 | TM: 4 | Total: 59","BN: 67 | RB: 12 | TR: 3 | TM: 3 | Total: 85","BN: 55 | RB: 11 | TR: 3 | TM: 4 | Total: 73","BN: 33 | RB: 7 | TM: 4 | TR: 1 | Total: 45"
"JM02","PA, FP, RB, AW",25,"2017, 2013, 2015, 2019",4,"2 : FP | 2 : RB",NA,"2 : FP | 1 : RB",NA,"2 : FP | 13 : PA",NA,"1 : AW | 2 : FP","FP: 4 | PA: 13 | AW: 1 | Total: 18","FP: 6 | RB: 3 | PA: 13 | Total: 22","FP: 6 | RB: 1 | PA: 13 | AW: 1 | Total: 21","FP: 4 | PA: 13 | AW: 1 | Total: 18"
"JM03","TR, TM",25,"2013, 2014, 2015, 2016, 2019",5,"6 : TR","6 : TR","6 : TR","6 : TR",NA,NA,"1 : TM","TR: 6 | TM: 1 | Total: 7","TR: 24 | Total: 24","TR: 12 | TM: 1 | Total: 13","TM: 1 | Total: 1"
"JM04","RB, RL, PA, FP, AW, QA",494,"2015, 2016, 2017, 2018, 2013, 2019",6,"12 : AW",NA,"4 : RB | 103 : RL","2 : RB | 104 : RL","2 : FP | 12 : PA | 89 : RL","90 : RL","1 : QA | 75 : RL","RB: 2 | RL: 358 | FP: 2 | PA: 12 | QA: 1 | Total: 375","AW: 12 | RB: 6 | RL: 386 | FP: 2 | PA: 12 | Total: 418","RB: 6 | RL: 461 | FP: 2 | PA: 12 | QA: 1 | Total: 482","FP: 2 | PA: 12 | RL: 254 | QA: 1 | Total: 269"
"JM05","RB, AW",16,"2016, 2015",2,NA,NA,"12 : AW","4 : RB",NA,NA,NA,"RB: 4 | Total: 4","AW: 12 | RB: 4 | Total: 16","AW: 12 | RB: 4 | Total: 16",NA
"JM06","AW, RB",14,"2014, 2015",2,NA,"12 : AW","2 : RB",NA,NA,NA,NA,NA,"AW: 12 | RB: 2 | Total: 14","RB: 2 | Total: 2",NA
"JM07","TR, TM, RB, FP",53,"2013, 2014, 2015, 2016, 2017, 2018, 2019",7,"6 : TR","6 : TR","1 : RB | 6 : TR","6 : TR","2 : TM | 6 : TR","4 : TM | 6 : TR","2 : FP | 1 : RB | 2 : TM | 5 : TR","TR: 23 | TM: 8 | FP: 2 | RB: 1 | Total: 34","TR: 36 | RB: 1 | TM: 6 | Total: 43","RB: 2 | TR: 29 | TM: 8 | FP: 2 | Total: 41","TM: 8 | TR: 17 | FP: 2 | RB: 1 | Total: 28"
"JM08","RB, PA, FP",20,"2014, 2015, 2019",3,NA,"2 : RB","2 : FP | 12 : PA | 2 : RB",NA,NA,NA,"2 : FP","FP: 2 | Total: 2","RB: 4 | FP: 2 | PA: 12 | Total: 18","FP: 4 | PA: 12 | RB: 2 | Total: 18","FP: 2 | Total: 2"
"JM09","RB, AW, TM",19,"2015, 2018, 2017, 2019",4,NA,NA,"3 : RB",NA,"6 : AW","6 : AW | 1 : RB | 1 : TM","2 : RB","AW: 12 | RB: 3 | TM: 1 | Total: 16","RB: 4 | AW: 12 | TM: 1 | Total: 17","RB: 6 | AW: 12 | TM: 1 | Total: 19","AW: 12 | RB: 3 | TM: 1 | Total: 16"
"JM10","AW, RB, TM",26,"2015, 2018, 2019",3,NA,NA,"12 : AW | 3 : RB",NA,NA,"3 : RB | 3 : TM","4 : RB | 1 : TM","RB: 7 | TM: 4 | Total: 11","AW: 12 | RB: 6 | TM: 3 | Total: 21","AW: 12 | RB: 10 | TM: 4 | Total: 26","RB: 7 | TM: 4 | Total: 11"
"JM11","TM, TR",53,"2018, 2013, 2014, 2015, 2016, 2017, 2019",7,"6 : TR","6 : TR","6 : TR","6 : TR","1 : TM | 6 : TR","7 : TM | 6 : TR","4 : TM | 5 : TR","TR: 23 | TM: 12 | Total: 35","TR: 36 | TM: 8 | Total: 44","TR: 29 | TM: 12 | Total: 41","TM: 12 | TR: 17 | Total: 29"
"JM12","AW, QA, TM",13,"2017, 2018",2,NA,NA,NA,NA,"5 : AW | 1 : QA","5 : AW | 1 : QA | 1 : TM",NA,"AW: 10 | QA: 2 | TM: 1 | Total: 13","AW: 10 | QA: 2 | TM: 1 | Total: 13","AW: 10 | QA: 2 | TM: 1 | Total: 13","AW: 10 | QA: 2 | TM: 1 | Total: 13"
"JM13","AW, PA, FP, QA, TM",43,"2013, 2018, 2017, 2019",4,"12 : AW",NA,NA,NA,"3 : FP | 11 : PA | 1 : QA","2 : FP | 12 : PA | 1 : TM","1 : TM","FP: 5 | PA: 23 | QA: 1 | TM: 2 | Total: 31","AW: 12 | FP: 5 | PA: 23 | QA: 1 | TM: 1 | Total: 42","FP: 5 | PA: 23 | QA: 1 | TM: 2 | Total: 31","FP: 5 | PA: 23 | QA: 1 | TM: 2 | Total: 31"
"JM14","PA, AW",22,"2014, 2019",2,NA,"12 : PA",NA,NA,NA,NA,"10 : AW","AW: 10 | Total: 10","PA: 12 | Total: 12","AW: 10 | Total: 10","AW: 10 | Total: 10"
"JM15","AW",22,"2014, 2019",2,NA,"12 : AW",NA,NA,NA,NA,"10 : AW","AW: 10 | Total: 10","AW: 12 | Total: 12","AW: 10 | Total: 10","AW: 10 | Total: 10"
"JM16","AW, RB",18,"2015, 2014",2,NA,"4 : RB","12 : AW | 2 : RB",NA,NA,NA,NA,NA,"RB: 6 | AW: 12 | Total: 18","AW: 12 | RB: 2 | Total: 14",NA
"JM17","AW, FP",23,"2013, 2017, 2019",3,"12 : AW",NA,NA,NA,"1 : FP",NA,"10 : AW","FP: 1 | AW: 10 | Total: 11","AW: 12 | FP: 1 | Total: 13","FP: 1 | AW: 10 | Total: 11","FP: 1 | AW: 10 | Total: 11"
"JM18","AW",12,"2017, 2018",2,NA,NA,NA,NA,"6 : AW","6 : AW",NA,"AW: 12 | Total: 12","AW: 12 | Total: 12","AW: 12 | Total: 12","AW: 12 | Total: 12"
"JM19","AW",12,"2016",1,NA,NA,NA,"12 : AW",NA,NA,NA,"AW: 12 | Total: 12","AW: 12 | Total: 12","AW: 12 | Total: 12",NA
"JM20","AW, PA, TM, FP",42,"2015, 2017, 2018, 2016, 2019",5,NA,NA,"12 : AW","1 : FP | 12 : PA","1 : FP | 12 : PA | 1 : TM","2 : TM","1 : TM","FP: 2 | PA: 24 | TM: 4 | Total: 30","AW: 12 | FP: 2 | PA: 24 | TM: 3 | Total: 41","AW: 12 | FP: 2 | PA: 24 | TM: 4 | Total: 42","FP: 1 | PA: 12 | TM: 4 | Total: 17"
"JM28","AW, RL, QA",110,"2017, 2018",2,NA,NA,NA,NA,"6 : AW | 1 : QA | 42 : RL","6 : AW | 55 : RL",NA,"AW: 12 | QA: 1 | RL: 97 | Total: 110","AW: 12 | QA: 1 | RL: 97 | Total: 110","AW: 12 | QA: 1 | RL: 97 | Total: 110","AW: 12 | QA: 1 | RL: 97 | Total: 110"
"JM29","AW, RL, RB",210,"2017, 2018, 2013",3,"2 : RB",NA,NA,NA,"6 : AW | 89 : RL","6 : AW | 107 : RL",NA,"AW: 12 | RL: 196 | Total: 208","RB: 2 | AW: 12 | RL: 196 | Total: 210","AW: 12 | RL: 196 | Total: 208","AW: 12 | RL: 196 | Total: 208"
"JM30","PA, AW",10,"2019",1,NA,NA,NA,NA,NA,NA,"9 : AW | 1 : PA","AW: 9 | PA: 1 | Total: 10",NA,"AW: 9 | PA: 1 | Total: 10","AW: 9 | PA: 1 | Total: 10"
"JM31","TR, PA, TM, FP",50,"2013, 2014, 2015, 2016, 2017, 2018, 2019",7,"6 : TR","6 : TR","1 : FP | 6 : PA | 6 : TR","6 : TR","6 : TR","1 : FP | 1 : TM | 6 : TR","5 : TR","TR: 23 | FP: 1 | TM: 1 | Total: 25","TR: 36 | FP: 2 | PA: 6 | TM: 1 | Total: 45","FP: 2 | PA: 6 | TR: 29 | TM: 1 | Total: 38","TR: 17 | FP: 1 | TM: 1 | Total: 19"
"JU08","RL, AW, RB",2424,"2013, 2014, 2017, 2018",4,"617 : RL","591 : RL",NA,NA,"2 : AW | 1 : RB | 588 : RL","7 : AW | 618 : RL",NA,"AW: 9 | RB: 1 | RL: 1206 | Total: 1216","RL: 2414 | AW: 9 | RB: 1 | Total: 2424","AW: 9 | RB: 1 | RL: 1206 | Total: 1216","AW: 9 | RB: 1 | RL: 1206 | Total: 1216"
"JU10","RB, TM, PA, SS",61,"2014, 2015, 2013, 2018, 2016, 2017",6,"6 : RB","8 : RB","14 : RB","12 : PA | 5 : RB","3 : RB | 1 : SS","3 : RB | 3 : SS | 6 : TM",NA,"PA: 12 | RB: 11 | SS: 4 | TM: 6 | Total: 33","RB: 39 | PA: 12 | SS: 4 | TM: 6 | Total: 61","RB: 25 | PA: 12 | SS: 4 | TM: 6 | Total: 47","RB: 6 | SS: 4 | TM: 6 | Total: 16"
"JU11","AW, FP, PA, RB, TR, TM",156,"2013, 2014, 2015, 2016, 2017, 2018, 2019",7,"11 : AW | 1 : FP | 12 : PA | 1 : RB","10 : AW | 1 : RB | 6 : TR","10 : AW | 1 : FP | 1 : RB | 6 : TR","6 : AW | 1 : FP | 2 : RB | 6 : TR","6 : AW | 1 : FP | 2 : RB | 6 : TR","2 : AW | 1 : RB | 6 : TR","6 : AW | 1 : FP | 41 : TM | 9 : TR","AW: 20 | FP: 3 | RB: 5 | TR: 27 | TM: 41 | Total: 96","AW: 45 | FP: 4 | PA: 12 | RB: 8 | TR: 30 | Total: 99","AW: 30 | FP: 4 | RB: 6 | TR: 33 | TM: 41 | Total: 114","AW: 14 | FP: 2 | RB: 3 | TR: 21 | TM: 41 | Total: 81"
"JU12","AW, QA",22,"2014, 2019",2,NA,"12 : AW",NA,NA,NA,NA,"9 : AW | 1 : QA","AW: 9 | QA: 1 | Total: 10","AW: 12 | Total: 12","AW: 9 | QA: 1 | Total: 10","AW: 9 | QA: 1 | Total: 10"
"JU13","AW, FP",23,"2014, 2019",2,NA,"12 : AW | 2 : FP",NA,NA,NA,NA,"9 : AW","AW: 9 | Total: 9","AW: 12 | FP: 2 | Total: 14","AW: 9 | Total: 9","AW: 9 | Total: 9"
"JU14","AW, QA, FP, RB",22,"2013, 2019",2,"11 : AW | 1 : FP | 1 : QA | 1 : RB",NA,NA,NA,NA,NA,"8 : AW","AW: 8 | Total: 8","AW: 11 | FP: 1 | QA: 1 | RB: 1 | Total: 14","AW: 8 | Total: 8","AW: 8 | Total: 8"
"JU15","TR, TM",40,"2013, 2014, 2015, 2016, 2017, 2018, 2019",7,"6 : TR","6 : TM","5 : TR","6 : TR","6 : TR","6 : TR","5 : TR","TR: 23 | Total: 23","TR: 29 | TM: 6 | Total: 35","TR: 28 | Total: 28","TR: 17 | Total: 17"
"JU18","AW, RB",14,"2014, 2018",2,NA,"12 : AW",NA,NA,NA,"2 : RB",NA,"RB: 2 | Total: 2","AW: 12 | RB: 2 | Total: 14","RB: 2 | Total: 2","RB: 2 | Total: 2"
"JU19","RB, TM",14,"2014, 2015, 2016",3,NA,"2 : RB","6 : TM","6 : TM",NA,NA,NA,"TM: 6 | Total: 6","RB: 2 | TM: 12 | Total: 14","TM: 12 | Total: 12",NA
"JU20","TR",39,"2013, 2014, 2015, 2016, 2017, 2018, 2019",7,"6 : TR","6 : TR","5 : TR","5 : TR","6 : TR","6 : TR","5 : TR","TR: 22 | Total: 22","TR: 34 | Total: 34","TR: 27 | Total: 27","TR: 17 | Total: 17"
"JU21","AW, RB, TM, TR, PA, SS, FP",660,"2013, 2014, 2015, 2016, 2017, 2018, 2019",7,"33 : AW | 2 : RB | 12 : TR","30 : AW | 3 : RB | 12 : TR","27 : AW | 3 : RB | 6 : TM | 6 : TR","18 : AW | 3 : RB | 6 : TM | 6 : TR","18 : AW | 1 : FP | 12 : PA | 2 : RB | 1 : SS | 6 : TR","6 : AW | 3 : SS | 6 : TM | 12 : TR","18 : AW | 393 : TM | 15 : TR","AW: 60 | RB: 5 | TM: 405 | TR: 39 | FP: 1 | PA: 12 | SS: 4 | Total: 526","AW: 132 | RB: 13 | TR: 54 | TM: 18 | FP: 1 | PA: 12 | SS: 4 | Total: 234","AW: 87 | RB: 8 | TM: 411 | TR: 45 | FP: 1 | PA: 12 | SS: 4 | Total: 568","AW: 42 | FP: 1 | PA: 12 | RB: 2 | SS: 4 | TR: 33 | TM: 399 | Total: 493"
"JU22","AW",20,"2014, 2019",2,NA,"12 : AW",NA,NA,NA,NA,"8 : AW","AW: 8 | Total: 8","AW: 12 | Total: 12","AW: 8 | Total: 8","AW: 8 | Total: 8"
"JU24","TR, SS, AW, QA, RB, TM",109,"2013, 2014, 2015, 2016, 2017, 2018, 2019",7,"10 : AW | 1 : QA | 1 : RB | 6 : TR","10 : AW | 1 : RB | 6 : TR","8 : AW | 1 : QA | 1 : RB | 6 : TR","6 : AW | 3 : RB | 6 : TR","6 : AW | 1 : RB | 1 : SS | 6 : TR","2 : AW | 4 : SS | 6 : TM | 6 : TR","6 : AW | 5 : TR","AW: 20 | RB: 4 | TR: 23 | SS: 5 | TM: 6 | Total: 58","AW: 42 | QA: 2 | RB: 7 | TR: 36 | SS: 5 | TM: 6 | Total: 98","AW: 28 | QA: 1 | RB: 5 | TR: 29 | SS: 5 | TM: 6 | Total: 74","AW: 14 | RB: 1 | SS: 5 | TR: 17 | TM: 6 | Total: 43"
"JU36","TR, FP",37,"2014, 2015, 2016, 2017, 2018, 2013, 2019",7,"2 : FP","6 : TR","5 : TR","6 : TR","6 : TR","6 : TR","1 : FP | 5 : TR","TR: 23 | FP: 1 | Total: 24","FP: 2 | TR: 29 | Total: 31","TR: 28 | FP: 1 | Total: 29","TR: 17 | FP: 1 | Total: 18"
"JU37","TR, RB, SS, FP",47,"2013, 2014, 2015, 2016, 2017, 2018",6,"1 : RB | 6 : TR","2 : FP | 1 : RB | 6 : TR","1 : RB | 6 : TR","1 : RB | 6 : TR","1 : RB | 1 : SS | 6 : TR","3 : SS | 6 : TR",NA,"RB: 2 | TR: 18 | SS: 4 | Total: 24","RB: 5 | TR: 36 | FP: 2 | SS: 4 | Total: 47","RB: 3 | TR: 24 | SS: 4 | Total: 31","RB: 1 | SS: 4 | TR: 12 | Total: 17"
"JU38","AW",12,"2017",1,NA,NA,NA,NA,"12 : AW",NA,NA,"AW: 12 | Total: 12","AW: 12 | Total: 12","AW: 12 | Total: 12","AW: 12 | Total: 12"
"JU39","RB, AW",14,"2013, 2016",2,"2 : RB",NA,NA,"12 : AW",NA,NA,NA,"AW: 12 | Total: 12","RB: 2 | AW: 12 | Total: 14","AW: 12 | Total: 12",NA
"JU40","AW",9,"2017",1,NA,NA,NA,NA,"9 : AW",NA,NA,"AW: 9 | Total: 9","AW: 9 | Total: 9","AW: 9 | Total: 9","AW: 9 | Total: 9"
"JU41","TM, RB",14,"2015, 2016, 2019",3,NA,NA,"6 : TM","6 : TM",NA,NA,"2 : RB","TM: 6 | RB: 2 | Total: 8","TM: 12 | Total: 12","TM: 12 | RB: 2 | Total: 14","RB: 2 | Total: 2"
"JU42","AW, QA",22,"2013, 2019",2,"10 : AW | 2 : QA",NA,NA,NA,NA,NA,"10 : AW","AW: 10 | Total: 10","AW: 10 | QA: 2 | Total: 12","AW: 10 | Total: 10","AW: 10 | Total: 10"
"JU43","AW, TM, RB",37,"2017, 2015, 2016",3,NA,NA,"11 : TM","2 : RB | 12 : TM","12 : AW",NA,NA,"RB: 2 | TM: 12 | AW: 12 | Total: 26","TM: 23 | RB: 2 | AW: 12 | Total: 37","TM: 23 | RB: 2 | AW: 12 | Total: 37","AW: 12 | Total: 12"
"JU44","PA, FP",56,"2013, 2015, 2017, 2019",4,"2 : FP | 12 : PA",NA,"2 : FP | 11 : PA",NA,"4 : FP | 24 : PA",NA,"1 : FP","FP: 5 | PA: 24 | Total: 29","FP: 8 | PA: 47 | Total: 55","FP: 7 | PA: 35 | Total: 42","FP: 5 | PA: 24 | Total: 29"
"JU45","AW, RB",13,"2017, 2019",2,NA,NA,NA,NA,"12 : AW",NA,"1 : RB","AW: 12 | RB: 1 | Total: 13","AW: 12 | Total: 12","AW: 12 | RB: 1 | Total: 13","AW: 12 | RB: 1 | Total: 13"
"JU46","AW, QA",12,"2018",1,NA,NA,NA,NA,NA,"11 : AW | 1 : QA",NA,"AW: 11 | QA: 1 | Total: 12","AW: 11 | QA: 1 | Total: 12","AW: 11 | QA: 1 | Total: 12","AW: 11 | QA: 1 | Total: 12"
"JU47","TM, RB, FP",20,"2015, 2016, 2017",3,NA,NA,"1 : FP | 2 : RB | 5 : TM","4 : RB | 6 : TM","2 : RB",NA,NA,"RB: 6 | TM: 6 | Total: 12","FP: 1 | RB: 8 | TM: 11 | Total: 20","FP: 1 | RB: 8 | TM: 11 | Total: 20","RB: 2 | Total: 2"
"JU48","FP, PA, RB",42,"2015, 2014, 2016, 2013",4,"2 : RB","2 : FP | 12 : PA","1 : FP | 11 : PA","2 : FP | 12 : PA",NA,NA,NA,"FP: 2 | PA: 12 | Total: 14","RB: 2 | FP: 5 | PA: 35 | Total: 42","FP: 3 | PA: 23 | Total: 26",NA
"JU49","TM",12,"2015, 2016",2,NA,NA,"6 : TM","6 : TM",NA,NA,NA,"TM: 6 | Total: 6","TM: 12 | Total: 12","TM: 12 | Total: 12",NA
"JU50","TR, SS, RB",45,"2013, 2014, 2015, 2016, 2017, 2018, 2019",7,"6 : TR","6 : TR","6 : TR","2 : RB | 6 : TR","6 : TR","2 : SS | 6 : TR","5 : TR","RB: 2 | TR: 23 | SS: 2 | Total: 27","TR: 36 | RB: 2 | SS: 2 | Total: 40","TR: 29 | RB: 2 | SS: 2 | Total: 33","TR: 17 | SS: 2 | Total: 19"
"JU51","AW, QA",22,"2014, 2019",2,NA,"11 : AW | 1 : QA",NA,NA,NA,NA,"8 : AW | 2 : QA","AW: 8 | QA: 2 | Total: 10","AW: 11 | QA: 1 | Total: 12","AW: 8 | QA: 2 | Total: 10","AW: 8 | QA: 2 | Total: 10"
"JU52","PA, RB, FP, TM, AW, QA",84,"2016, 2013, 2015, 2017, 2014, 2018, 2019",7,"4 : RB","2 : FP | 12 : PA","5 : TM","4 : FP | 36 : PA | 1 : RB | 2 : TM","2 : TM","11 : AW | 2 : FP | 2 : QA","1 : PA","FP: 6 | PA: 37 | RB: 1 | TM: 4 | AW: 11 | QA: 2 | Total: 61","RB: 5 | FP: 8 | PA: 48 | TM: 9 | AW: 11 | QA: 2 | Total: 83","TM: 9 | FP: 6 | PA: 37 | RB: 1 | AW: 11 | QA: 2 | Total: 66","TM: 2 | AW: 11 | FP: 2 | QA: 2 | PA: 1 | Total: 18"
"JU53","AW, SS, RB",15,"2017, 2018, 2016",3,NA,NA,NA,"2 : RB","12 : AW","1 : SS",NA,"RB: 2 | AW: 12 | SS: 1 | Total: 15","RB: 2 | AW: 12 | SS: 1 | Total: 15","RB: 2 | AW: 12 | SS: 1 | Total: 15","AW: 12 | SS: 1 | Total: 13"
"JU54","AW, QA, SS",13,"2015, 2018",2,NA,NA,"11 : AW | 1 : QA",NA,NA,"1 : SS",NA,"SS: 1 | Total: 1","AW: 11 | QA: 1 | SS: 1 | Total: 13","AW: 11 | QA: 1 | SS: 1 | Total: 13","SS: 1 | Total: 1"
"JU55","TM, IM, TR, PA, RB, FP",98,"2013, 2014, 2015, 2016, 2017, 2018, 2019",7,"2 : RB | 12 : TM | 6 : TR","2 : RB | 12 : TM | 6 : TR","12 : IM | 6 : TR","6 : TR","2 : RB | 6 : TR","12 : PA | 6 : TR","2 : FP | 1 : PA | 5 : TR","TR: 23 | RB: 2 | PA: 13 | FP: 2 | Total: 40","RB: 6 | TM: 24 | TR: 36 | IM: 12 | PA: 12 | Total: 90","IM: 12 | TR: 29 | RB: 2 | PA: 13 | FP: 2 | Total: 58","RB: 2 | TR: 17 | PA: 13 | FP: 2 | Total: 34"
"JU56","QA, AW, SS",15,"2013, 2018",2,"10 : AW | 2 : QA",NA,NA,NA,NA,"3 : SS",NA,"SS: 3 | Total: 3","AW: 10 | QA: 2 | SS: 3 | Total: 15","SS: 3 | Total: 3","SS: 3 | Total: 3"
"JU57","AW, RB, FP",20,"2014, 2013, 2015, 2018",4,"2 : RB","12 : AW | 2 : RB","2 : FP",NA,NA,"2 : RB",NA,"RB: 2 | Total: 2","RB: 6 | AW: 12 | FP: 2 | Total: 20","FP: 2 | RB: 2 | Total: 4","RB: 2 | Total: 2"
"JU58","FP, PA, SS, QA",29,"2014, 2017, 2018",3,NA,"1 : FP | 12 : PA",NA,NA,"1 : SS","1 : FP | 11 : PA | 1 : QA | 2 : SS",NA,"SS: 3 | FP: 1 | PA: 11 | QA: 1 | Total: 16","FP: 2 | PA: 23 | SS: 3 | QA: 1 | Total: 29","SS: 3 | FP: 1 | PA: 11 | QA: 1 | Total: 16","SS: 3 | FP: 1 | PA: 11 | QA: 1 | Total: 16"
"NE42","AW, FP",14,"2017, 2018",2,NA,NA,NA,NA,"12 : AW","2 : FP",NA,"AW: 12 | FP: 2 | Total: 14","AW: 12 | FP: 2 | Total: 14","AW: 12 | FP: 2 | Total: 14","AW: 12 | FP: 2 | Total: 14"
"NE43","TR, RL, FP, PA, QA, TM",516,"2013, 2014, 2015, 2016, 2017, 2018, 2019",7,"1 : FP | 7 : PA | 2 : QA | 69 : RL | 1 : TM | 9 : TR","79 : RL | 2 : TM | 12 : TR","58 : RL | 8 : TR","50 : RL | 12 : TR","67 : RL | 11 : TR","62 : RL | 12 : TR","45 : RL | 9 : TR","RL: 224 | TR: 44 | Total: 268","FP: 1 | PA: 7 | QA: 2 | RL: 385 | TM: 3 | TR: 64 | Total: 462","RL: 282 | TR: 52 | Total: 334","RL: 174 | TR: 32 | Total: 206"
"NE44","TM, AW, RB, RL",579,"2013, 2014, 2017, 2018",4,"147 : RL | 2 : TM","13 : AW | 2 : RB | 137 : RL",NA,NA,"146 : RL","132 : RL",NA,"RL: 278 | Total: 278","RL: 562 | TM: 2 | AW: 13 | RB: 2 | Total: 579","RL: 278 | Total: 278","RL: 278 | Total: 278"
"NE45","FP, PA, TM, SS, AW, QA",26,"2013, 2014, 2019",3,"2 : FP | 12 : PA","1 : SS | 1 : TM",NA,NA,NA,NA,"9 : AW | 1 : QA","AW: 9 | QA: 1 | Total: 10","FP: 2 | PA: 12 | SS: 1 | TM: 1 | Total: 16","AW: 9 | QA: 1 | Total: 10","AW: 9 | QA: 1 | Total: 10"
"NE46","RL, SS, TR, FP, TM",1305,"2013, 2014, 2015, 2016, 2017, 2018, 2019",7,"174 : RL | 4 : TM | 6 : TR","2 : FP | 205 : RL | 6 : SS | 5 : TM | 6 : TR","150 : RL | 6 : TR","149 : RL | 6 : TR","214 : RL | 6 : TR","205 : RL | 6 : TR","150 : RL | 5 : TR","RL: 718 | TR: 23 | Total: 741","RL: 1097 | TM: 9 | TR: 36 | FP: 2 | SS: 6 | Total: 1150","RL: 868 | TR: 29 | Total: 897","RL: 569 | TR: 17 | Total: 586"
"NE47","RL",3961,"2013, 2014, 2015, 2016, 2017, 2018, 2019",7,"556 : RL","651 : RL","464 : RL","534 : RL","661 : RL","642 : RL","453 : RL","RL: 2290 | Total: 2290","RL: 3508 | Total: 3508","RL: 2754 | Total: 2754","RL: 1756 | Total: 1756"
"NE48","AW",12,"2015",1,NA,NA,"12 : AW",NA,NA,NA,NA,NA,"AW: 12 | Total: 12","AW: 12 | Total: 12",NA
"NE49","AW",12,"2017",1,NA,NA,NA,NA,"12 : AW",NA,NA,"AW: 12 | Total: 12","AW: 12 | Total: 12","AW: 12 | Total: 12","AW: 12 | Total: 12"
"NE50","RB, AW",14,"2018, 2015",2,NA,NA,"12 : AW",NA,NA,"2 : RB",NA,"RB: 2 | Total: 2","AW: 12 | RB: 2 | Total: 14","AW: 12 | RB: 2 | Total: 14","RB: 2 | Total: 2"
"NE51","AW, RB",15,"2017, 2016",2,NA,NA,NA,"1 : RB","12 : AW | 2 : RB",NA,NA,"RB: 3 | AW: 12 | Total: 15","RB: 3 | AW: 12 | Total: 15","RB: 3 | AW: 12 | Total: 15","AW: 12 | RB: 2 | Total: 14"
"NE52","AW, FP, PA",26,"2015, 2018",2,NA,NA,"12 : AW",NA,NA,"2 : FP | 12 : PA",NA,"FP: 2 | PA: 12 | Total: 14","AW: 12 | FP: 2 | PA: 12 | Total: 26","AW: 12 | FP: 2 | PA: 12 | Total: 26","FP: 2 | PA: 12 | Total: 14"
"NE53","AW, QA",12,"2015",1,NA,NA,"11 : AW | 1 : QA",NA,NA,NA,NA,NA,"AW: 11 | QA: 1 | Total: 12","AW: 11 | QA: 1 | Total: 12",NA
"NE54","RB, AW, FP, PT",16,"2014, 2017, 2019",3,NA,"2 : RB",NA,NA,"12 : AW",NA,"1 : FP | 1 : PT","AW: 12 | FP: 1 | PT: 1 | Total: 14","RB: 2 | AW: 12 | Total: 14","AW: 12 | FP: 1 | PT: 1 | Total: 14","AW: 12 | FP: 1 | PT: 1 | Total: 14"
"NE55","TR, PA, FP",55,"2013, 2014, 2015, 2016, 2017, 2018, 2019",7,"6 : TR","2 : FP | 12 : PA | 6 : TR","6 : TR","6 : TR","6 : TR","6 : TR","5 : TR","TR: 23 | Total: 23","TR: 36 | FP: 2 | PA: 12 | Total: 50","TR: 29 | Total: 29","TR: 17 | Total: 17"
"NE56","TM, SS, AW",16,"2013, 2014, 2017",3,"2 : TM","1 : SS | 1 : TM",NA,NA,"12 : AW",NA,NA,"AW: 12 | Total: 12","TM: 3 | SS: 1 | AW: 12 | Total: 16","AW: 12 | Total: 12","AW: 12 | Total: 12"
"NE57","TM, SS, TR, PA, FP",80,"2017, 2018, 2014, 2013, 2015, 2016, 2019",7,"6 : TM | 6 : TR","1 : SS | 1 : TM | 6 : TR","6 : TR","1 : FP | 12 : PA","12 : TM | 6 : TR","12 : TM | 6 : TR","5 : TR","FP: 1 | PA: 12 | TM: 24 | TR: 17 | Total: 54","TM: 31 | TR: 30 | SS: 1 | FP: 1 | PA: 12 | Total: 75","TR: 23 | FP: 1 | PA: 12 | TM: 24 | Total: 60","TM: 24 | TR: 17 | Total: 41"
"NE58","AW, RB",13,"2017, 2013",2,"1 : RB",NA,NA,NA,"12 : AW",NA,NA,"AW: 12 | Total: 12","RB: 1 | AW: 12 | Total: 13","AW: 12 | Total: 12","AW: 12 | Total: 12"
"NE59","FP, TM, RB, TR, SS",98,"2013, 2015, 2017, 2014, 2018, 2016, 2019",7,"1 : FP | 4 : RB | 1 : TM | 6 : TR","6 : RB | 1 : SS | 6 : TR","1 : FP | 4 : RB | 6 : TR","4 : RB | 6 : TR","1 : FP | 6 : RB | 12 : TM | 6 : TR","1 : RB | 12 : TM | 6 : TR","1 : FP | 2 : RB | 5 : TR","RB: 13 | TR: 23 | FP: 2 | TM: 24 | Total: 62","FP: 3 | RB: 25 | TM: 25 | TR: 36 | SS: 1 | Total: 90","FP: 3 | RB: 17 | TR: 29 | TM: 24 | Total: 73","FP: 2 | RB: 9 | TM: 24 | TR: 17 | Total: 52"
"NE60","AW, RB",14,"2017, 2014",2,NA,"2 : RB",NA,NA,"12 : AW",NA,NA,"AW: 12 | Total: 12","RB: 2 | AW: 12 | Total: 14","AW: 12 | Total: 12","AW: 12 | Total: 12"
"NE61","IM, RB, TM",14,"2016, 2017",2,NA,NA,NA,"6 : IM | 2 : RB","6 : TM",NA,NA,"IM: 6 | RB: 2 | TM: 6 | Total: 14","IM: 6 | RB: 2 | TM: 6 | Total: 14","IM: 6 | RB: 2 | TM: 6 | Total: 14","TM: 6 | Total: 6"
"NE62","TM, PA, AW, TR",44,"2013, 2015, 2017, 2018, 2019",5,"12 : PA | 3 : TM",NA,"12 : AW",NA,"6 : TR","6 : TR","5 : TR","TR: 17 | Total: 17","PA: 12 | TM: 3 | AW: 12 | TR: 12 | Total: 39","AW: 12 | TR: 17 | Total: 29","TR: 17 | Total: 17"
"NE63","PA, QA, FP",13,"2015",1,NA,NA,"1 : FP | 10 : PA | 2 : QA",NA,NA,NA,NA,NA,"FP: 1 | PA: 10 | QA: 2 | Total: 13","FP: 1 | PA: 10 | QA: 2 | Total: 13",NA
"NE64","AW, TM",24,"2013, 2017, 2018",3,"12 : AW",NA,NA,NA,"6 : TM","6 : TM",NA,"TM: 12 | Total: 12","AW: 12 | TM: 12 | Total: 24","TM: 12 | Total: 12","TM: 12 | Total: 12"
"NE65","AW, TM",14,"2017, 2018",2,NA,NA,NA,NA,"11 : AW | 1 : TM","2 : AW",NA,"AW: 13 | TM: 1 | Total: 14","AW: 13 | TM: 1 | Total: 14","AW: 13 | TM: 1 | Total: 14","AW: 13 | TM: 1 | Total: 14"
"NE71","PA, AW, RB, TM",36,"2017, 2014, 2015",3,NA,"12 : AW | 10 : TM","2 : RB",NA,"12 : PA",NA,NA,"PA: 12 | Total: 12","AW: 12 | TM: 10 | RB: 2 | PA: 12 | Total: 36","RB: 2 | PA: 12 | Total: 14","PA: 12 | Total: 12"
"NE72","TM, FP, PA, QA",65,"2014, 2015, 2016, 2017, 2018",5,NA,"14 : TM","2 : FP | 12 : PA | 6 : TM","6 : TM","6 : TM","1 : FP | 11 : PA | 1 : QA | 6 : TM",NA,"TM: 18 | FP: 1 | PA: 11 | QA: 1 | Total: 31","TM: 38 | FP: 3 | PA: 23 | QA: 1 | Total: 65","FP: 3 | PA: 23 | TM: 24 | QA: 1 | Total: 51","TM: 12 | FP: 1 | PA: 11 | QA: 1 | Total: 25"
"NE73","TM, TR, RB, SS",51,"2014, 2013, 2015, 2016, 2017, 2018, 2019",7,"2 : TM | 7 : TR","1 : SS | 4 : TM | 6 : TR","2 : RB | 6 : TR","6 : TR","6 : TR","6 : TR","5 : TR","TR: 23 | Total: 23","TM: 6 | TR: 37 | SS: 1 | RB: 2 | Total: 46","RB: 2 | TR: 29 | Total: 31","TR: 17 | Total: 17"
"NE74","RB, AW, FP",27,"2016, 2013, 2014, 2015, 2017, 2018, 2019",7,"11 : AW","2 : RB","2 : RB","4 : RB","2 : RB","2 : FP | 2 : RB","2 : RB","RB: 10 | FP: 2 | Total: 12","AW: 11 | RB: 12 | FP: 2 | Total: 25","RB: 12 | FP: 2 | Total: 14","RB: 6 | FP: 2 | Total: 8"
"NE75","AW, QA, TM, RB",15,"2018, 2014, 2019",3,NA,"2 : RB | 1 : TM",NA,NA,NA,"9 : AW | 1 : QA","2 : RB","AW: 9 | QA: 1 | RB: 2 | Total: 12","RB: 2 | TM: 1 | AW: 9 | QA: 1 | Total: 13","AW: 9 | QA: 1 | RB: 2 | Total: 12","AW: 9 | QA: 1 | RB: 2 | Total: 12"
"NE81","TR, TM, SS, RB, AW, QA",125,"2013, 2014, 2015, 2016, 2017, 2018, 2019",7,"10 : AW | 2 : QA | 27 : TM | 13 : TR","3 : RB | 3 : SS | 26 : TM | 12 : TR","6 : TR","6 : TR","6 : TR","6 : TR","5 : TR","TR: 23 | Total: 23","AW: 10 | QA: 2 | TM: 53 | TR: 49 | RB: 3 | SS: 3 | Total: 120","TR: 29 | Total: 29","TR: 17 | Total: 17"
"NE82","PA, TM, SS, FP",28,"2014, 2017, 2018",3,NA,"2 : FP | 12 : PA | 1 : SS | 1 : TM",NA,NA,"6 : TM","6 : TM",NA,"TM: 12 | Total: 12","FP: 2 | PA: 12 | SS: 1 | TM: 13 | Total: 28","TM: 12 | Total: 12","TM: 12 | Total: 12"
"NE83","TR, FP, PA, QA, TM, SS",58,"2013, 2014, 2015, 2016, 2017, 2018, 2019",7,"1 : TM | 7 : TR","1 : SS | 1 : TM | 6 : TR","6 : TR","1 : FP | 10 : PA | 2 : QA | 6 : TR","6 : TR","6 : TR","5 : TR","FP: 1 | PA: 10 | QA: 2 | TR: 23 | Total: 36","TM: 2 | TR: 37 | SS: 1 | FP: 1 | PA: 10 | QA: 2 | Total: 53","TR: 29 | FP: 1 | PA: 10 | QA: 2 | Total: 42","TR: 17 | Total: 17"
"NE85","TM, SS",17,"2017, 2018, 2013, 2014",4,"3 : TM","1 : SS | 1 : TM",NA,NA,"6 : TM","6 : TM",NA,"TM: 12 | Total: 12","TM: 16 | SS: 1 | Total: 17","TM: 12 | Total: 12","TM: 12 | Total: 12"
"RD01","RL, FP, PA",702,"2015, 2016, 2014",3,NA,"2 : FP | 12 : PA","314 : RL","374 : RL",NA,NA,NA,"RL: 374 | Total: 374","FP: 2 | PA: 12 | RL: 688 | Total: 702","RL: 688 | Total: 688",NA
"RD02","AW, RB",14,"2017, 2015",2,NA,NA,"2 : RB",NA,"12 : AW",NA,NA,"AW: 12 | Total: 12","RB: 2 | AW: 12 | Total: 14","RB: 2 | AW: 12 | Total: 14","AW: 12 | Total: 12"
"RD03","AW",22,"2014, 2019",2,NA,"12 : AW",NA,NA,NA,NA,"10 : AW","AW: 10 | Total: 10","AW: 12 | Total: 12","AW: 10 | Total: 10","AW: 10 | Total: 10"
"RD04","AW",12,"2016",1,NA,NA,NA,"12 : AW",NA,NA,NA,"AW: 12 | Total: 12","AW: 12 | Total: 12","AW: 12 | Total: 12",NA
"RD05","AW",12,"2016",1,NA,NA,NA,"12 : AW",NA,NA,NA,"AW: 12 | Total: 12","AW: 12 | Total: 12","AW: 12 | Total: 12",NA
"RD06","AW, FP, RB, PT",18,"2013, 2014, 2019",3,"12 : AW | 1 : FP | 1 : RB","2 : RB",NA,NA,NA,NA,"1 : FP | 1 : PT","FP: 1 | PT: 1 | Total: 2","AW: 12 | FP: 1 | RB: 3 | Total: 16","FP: 1 | PT: 1 | Total: 2","FP: 1 | PT: 1 | Total: 2"
"RD07","AW, QA",13,"2016",1,NA,NA,NA,"12 : AW | 1 : QA",NA,NA,NA,"AW: 12 | QA: 1 | Total: 13","AW: 12 | QA: 1 | Total: 13","AW: 12 | QA: 1 | Total: 13",NA
"RD08","FP, PA, QA",14,"2015",1,NA,NA,"2 : FP | 11 : PA | 1 : QA",NA,NA,NA,NA,NA,"FP: 2 | PA: 11 | QA: 1 | Total: 14","FP: 2 | PA: 11 | QA: 1 | Total: 14",NA
"RD09","TR",41,"2013, 2014, 2015, 2016, 2017, 2018, 2019",7,"6 : TR","6 : TR","6 : TR","6 : TR","6 : TR","6 : TR","5 : TR","TR: 23 | Total: 23","TR: 36 | Total: 36","TR: 29 | Total: 29","TR: 17 | Total: 17"
"RD10","AW",22,"2014, 2019",2,NA,"12 : AW",NA,NA,NA,NA,"10 : AW","AW: 10 | Total: 10","AW: 12 | Total: 12","AW: 10 | Total: 10","AW: 10 | Total: 10"
"RD11","RB, TM, AW",28,"2013, 2014, 2017",3,"1 : RB","2 : RB | 13 : TM",NA,NA,"12 : AW",NA,NA,"AW: 12 | Total: 12","RB: 3 | TM: 13 | AW: 12 | Total: 28","AW: 12 | Total: 12","AW: 12 | Total: 12"
"RD12","TR",41,"2013, 2014, 2015, 2016, 2017, 2018, 2019",7,"6 : TR","6 : TR","6 : TR","6 : TR","6 : TR","6 : TR","5 : TR","TR: 23 | Total: 23","TR: 36 | Total: 36","TR: 29 | Total: 29","TR: 17 | Total: 17"
"RD14","AW",22,"2014, 2019",2,NA,"12 : AW",NA,NA,NA,NA,"10 : AW","AW: 10 | Total: 10","AW: 12 | Total: 12","AW: 10 | Total: 10","AW: 10 | Total: 10"
"RD15","RB, TR",56,"2013, 2014, 2015, 2016, 2017, 2018, 2019",7,"2 : RB | 6 : TR","2 : RB | 6 : TR","2 : RB | 6 : TR","3 : RB | 6 : TR","2 : RB | 6 : TR","2 : RB | 6 : TR","2 : RB | 5 : TR","RB: 9 | TR: 23 | Total: 32","RB: 13 | TR: 36 | Total: 49","RB: 11 | TR: 29 | Total: 40","RB: 6 | TR: 17 | Total: 23"
"RD16","AW",12,"2016",1,NA,NA,NA,"12 : AW",NA,NA,NA,"AW: 12 | Total: 12","AW: 12 | Total: 12","AW: 12 | Total: 12",NA
"RD17","AW, RB, FP, PA, TR, QA",60,"2013, 2016, 2014, 2018, 2019",5,"12 : AW","2 : FP | 12 : PA",NA,"2 : FP | 12 : PA | 2 : RB",NA,"1 : FP | 2 : QA | 11 : TR","2 : FP | 2 : RB","FP: 5 | PA: 12 | RB: 4 | QA: 2 | TR: 11 | Total: 34","AW: 12 | FP: 5 | PA: 24 | RB: 2 | QA: 2 | TR: 11 | Total: 56","FP: 5 | PA: 12 | RB: 4 | QA: 2 | TR: 11 | Total: 34","FP: 3 | QA: 2 | TR: 11 | RB: 2 | Total: 18"
"RD18","AW, QA, RB",14,"2013, 2016",2,"11 : AW | 1 : QA",NA,NA,"2 : RB",NA,NA,NA,"RB: 2 | Total: 2","AW: 11 | QA: 1 | RB: 2 | Total: 14","RB: 2 | Total: 2",NA
"RD19","AW, RL",875,"2014, 2015, 2016, 2019",4,NA,"12 : AW","291 : RL","330 : RL",NA,NA,"242 : RL","RL: 572 | Total: 572","AW: 12 | RL: 621 | Total: 633","RL: 863 | Total: 863","RL: 242 | Total: 242"
"RD20","RL, AW",610,"2015, 2016, 2017, 2019",4,NA,NA,"216 : RL","236 : RL","12 : AW",NA,"146 : RL","RL: 382 | AW: 12 | Total: 394","RL: 452 | AW: 12 | Total: 464","RL: 598 | AW: 12 | Total: 610","AW: 12 | RL: 146 | Total: 158"
"RD21","AW, RB",13,"2016, 2019",2,NA,NA,NA,"12 : AW",NA,NA,"1 : RB","AW: 12 | RB: 1 | Total: 13","AW: 12 | Total: 12","AW: 12 | RB: 1 | Total: 13","RB: 1 | Total: 1"
"RD22","FP, PA, TR, AW, RL",602,"2017, 2013, 2014, 2015, 2016, 2018, 2019",7,"6 : TR","6 : TR","181 : RL | 6 : TR","1 : AW | 215 : RL | 6 : TR","1 : AW | 2 : FP | 12 : PA | 6 : TR","6 : TR","149 : RL | 5 : TR","AW: 2 | RL: 364 | TR: 23 | FP: 2 | PA: 12 | Total: 403","TR: 36 | RL: 396 | AW: 2 | FP: 2 | PA: 12 | Total: 448","RL: 545 | TR: 29 | AW: 2 | FP: 2 | PA: 12 | Total: 590","AW: 1 | FP: 2 | PA: 12 | TR: 17 | RL: 149 | Total: 181"
"RD23","AW",12,"2017",1,NA,NA,NA,NA,"12 : AW",NA,NA,"AW: 12 | Total: 12","AW: 12 | Total: 12","AW: 12 | Total: 12","AW: 12 | Total: 12"
"RD24","TM, RB, AW, FP, RL, PA, TR",4733,"2013, 2014, 2015, 2017, 2016, 2018, 2019",7,"4 : FP | 8 : RB | 6 : TM | 6 : TR","6 : AW | 11 : RB | 58 : RL | 4397 : TM | 6 : TR","6 : FP | 59 : RL | 6 : TR","2 : FP | 12 : PA | 1 : RB | 11 : TR","2 : FP | 12 : PA | 6 : TR","6 : TR","2 : FP | 101 : RL | 5 : TR","FP: 6 | PA: 24 | RB: 1 | TR: 28 | RL: 101 | Total: 160","FP: 14 | RB: 20 | TM: 4403 | TR: 41 | AW: 6 | RL: 117 | PA: 24 | Total: 4625","FP: 12 | RL: 160 | TR: 34 | PA: 24 | RB: 1 | Total: 231","FP: 4 | PA: 12 | TR: 17 | RL: 101 | Total: 134"
"RD25","QA, AW, PA",23,"2017, 2016",2,NA,NA,NA,"11 : PA","10 : AW | 2 : QA",NA,NA,"PA: 11 | AW: 10 | QA: 2 | Total: 23","PA: 11 | AW: 10 | QA: 2 | Total: 23","PA: 11 | AW: 10 | QA: 2 | Total: 23","AW: 10 | QA: 2 | Total: 12"
"RD26","RB, TM, AW",52,"2013, 2014, 2017",3,"8 : RB","12 : RB | 24 : TM",NA,NA,"8 : AW",NA,NA,"AW: 8 | Total: 8","RB: 20 | TM: 24 | AW: 8 | Total: 52","AW: 8 | Total: 8","AW: 8 | Total: 8"
"RD27","AW, FP",14,"2017, 2019",2,NA,NA,NA,NA,"12 : AW",NA,"2 : FP","AW: 12 | FP: 2 | Total: 14","AW: 12 | Total: 12","AW: 12 | FP: 2 | Total: 14","AW: 12 | FP: 2 | Total: 14"
"RD28","AW",11,"2016",1,NA,NA,NA,"11 : AW",NA,NA,NA,"AW: 11 | Total: 11","AW: 11 | Total: 11","AW: 11 | Total: 11",NA
"RD29","AW",22,"2013, 2019",2,"12 : AW",NA,NA,NA,NA,NA,"10 : AW","AW: 10 | Total: 10","AW: 12 | Total: 12","AW: 10 | Total: 10","AW: 10 | Total: 10"
"RD30","FP, PA, TR, RB",60,"2014, 2016, 2018, 2013, 2015, 2017, 2019",7,"11 : PA | 2 : RB | 1 : TR","1 : FP | 2 : RB | 12 : TR","5 : TR","2 : FP | 1 : RB | 6 : TR","5 : TR","1 : FP | 6 : TR","5 : TR","FP: 3 | RB: 1 | TR: 22 | Total: 26","PA: 11 | RB: 5 | TR: 35 | FP: 4 | Total: 55","TR: 27 | FP: 3 | RB: 1 | Total: 31","TR: 16 | FP: 1 | Total: 17"
"RD31","AW, RB, FP",31,"2016, 2014, 2015, 2017, 2019",5,NA,"2 : RB","2 : RB","12 : AW | 2 : FP | 1 : RB","6 : RB",NA,"6 : RB","AW: 12 | FP: 2 | RB: 13 | Total: 27","RB: 11 | AW: 12 | FP: 2 | Total: 25","RB: 15 | AW: 12 | FP: 2 | Total: 29","RB: 12 | Total: 12"
"RD32","TR, DR, FP, RB",89,"2013, 2014, 2015, 2016, 2017, 2018, 2019",7,"6 : TR","10 : DR | 1 : FP | 3 : RB | 6 : TR","13 : DR | 6 : TR","11 : DR | 2 : RB | 6 : TR","4 : DR | 6 : TR","2 : DR | 6 : TR","2 : DR | 5 : TR","DR: 19 | RB: 2 | TR: 23 | Total: 44","TR: 36 | DR: 40 | FP: 1 | RB: 5 | Total: 82","DR: 32 | TR: 29 | RB: 2 | Total: 63","DR: 8 | TR: 17 | Total: 25"
"RD33","DR, AW",52,"2014, 2015, 2016, 2017, 2018",5,NA,"12 : AW | 11 : DR","12 : DR","11 : DR","4 : DR","2 : DR",NA,"DR: 17 | Total: 17","AW: 12 | DR: 40 | Total: 52","DR: 29 | Total: 29","DR: 6 | Total: 6"
"RD34","RB, AW, QA",19,"2014, 2016, 2013, 2018",4,"2 : RB","4 : RB",NA,"11 : AW | 1 : QA",NA,"1 : RB",NA,"AW: 11 | QA: 1 | RB: 1 | Total: 13","RB: 7 | AW: 11 | QA: 1 | Total: 19","AW: 11 | QA: 1 | RB: 1 | Total: 13","RB: 1 | Total: 1"
"RD35","AW, RB",13,"2017, 2018, 2019",3,NA,NA,NA,NA,"6 : AW","6 : AW","1 : RB","AW: 12 | RB: 1 | Total: 13","AW: 12 | Total: 12","AW: 12 | RB: 1 | Total: 13","AW: 12 | RB: 1 | Total: 13"
"RD36","TR, RB",42,"2013, 2014, 2015, 2016, 2017, 2018, 2019",7,"6 : TR","6 : TR","6 : TR","6 : TR","6 : TR","6 : TR","1 : RB | 5 : TR","TR: 23 | RB: 1 | Total: 24","TR: 36 | Total: 36","TR: 29 | RB: 1 | Total: 30","TR: 17 | RB: 1 | Total: 18"
"RD37","RB, AW",14,"2014, 2015",2,NA,"2 : RB","12 : AW",NA,NA,NA,NA,NA,"RB: 2 | AW: 12 | Total: 14","AW: 12 | Total: 12",NA
"RD38","AW, QA, PA, FP, RB",39,"2017, 2018, 2014, 2016, 2013, 2015",6,"2 : FP | 3 : RB","4 : FP | 12 : PA","4 : RB","2 : RB","5 : AW | 1 : QA","6 : AW",NA,"RB: 2 | AW: 11 | QA: 1 | Total: 14","FP: 6 | RB: 9 | PA: 12 | AW: 11 | QA: 1 | Total: 39","RB: 6 | AW: 11 | QA: 1 | Total: 18","AW: 11 | QA: 1 | Total: 12"
"RD39","AW, RB",17,"2016, 2015, 2014",3,NA,"3 : RB","2 : RB","12 : AW",NA,NA,NA,"AW: 12 | Total: 12","RB: 5 | AW: 12 | Total: 17","RB: 2 | AW: 12 | Total: 14",NA
"RD43","AW, FP, PA, QA",36,"2013, 2019",2,"12 : AW | 2 : FP | 12 : PA",NA,NA,NA,NA,NA,"9 : AW | 1 : QA","AW: 9 | QA: 1 | Total: 10","AW: 12 | FP: 2 | PA: 12 | Total: 26","AW: 9 | QA: 1 | Total: 10","AW: 9 | QA: 1 | Total: 10"
"RD44","FP, DR, RB",6,"2013, 2014, 2015",3,"1 : FP | 2 : RB","1 : DR | 1 : FP","1 : DR",NA,NA,NA,NA,NA,"FP: 2 | RB: 2 | DR: 2 | Total: 6","DR: 1 | Total: 1",NA
"RD45","AW",22,"2013, 2019",2,"12 : AW",NA,NA,NA,NA,NA,"10 : AW","AW: 10 | Total: 10","AW: 12 | Total: 12","AW: 10 | Total: 10","AW: 10 | Total: 10"
"RD46","PA, FP, TR, DR",91,"2016, 2013, 2014, 2015, 2017, 2018, 2019",7,"6 : TR","11 : DR | 6 : TR","12 : DR | 6 : TR","11 : DR | 2 : FP | 12 : PA | 6 : TR","4 : DR | 6 : TR","2 : DR","2 : DR | 5 : TR","DR: 19 | FP: 2 | PA: 12 | TR: 17 | Total: 50","TR: 30 | DR: 40 | FP: 2 | PA: 12 | Total: 84","DR: 31 | TR: 23 | FP: 2 | PA: 12 | Total: 68","DR: 8 | TR: 11 | Total: 19"
"RD47","AW, RB",16,"2017, 2018, 2013",3,"4 : RB",NA,NA,NA,"6 : AW","6 : AW",NA,"AW: 12 | Total: 12","RB: 4 | AW: 12 | Total: 16","AW: 12 | Total: 12","AW: 12 | Total: 12"
"RD48","RB, FP, PA",18,"2014, 2018, 2015",3,NA,"2 : RB","2 : FP | 12 : PA",NA,NA,"2 : RB",NA,"RB: 2 | Total: 2","RB: 4 | FP: 2 | PA: 12 | Total: 18","FP: 2 | PA: 12 | RB: 2 | Total: 16","RB: 2 | Total: 2"
"RD49","FP, RB",3,"2017, 2015",2,NA,NA,"2 : RB",NA,"1 : FP",NA,NA,"FP: 1 | Total: 1","RB: 2 | FP: 1 | Total: 3","RB: 2 | FP: 1 | Total: 3","FP: 1 | Total: 1"
"RD50","AW",12,"2017, 2018",2,NA,NA,NA,NA,"6 : AW","6 : AW",NA,"AW: 12 | Total: 12","AW: 12 | Total: 12","AW: 12 | Total: 12","AW: 12 | Total: 12"
"RD51","TR, RB, TM, FP",96,"2013, 2014, 2015, 2016, 2017, 2018, 2019",7,"6 : TR","2 : RB | 6 : TR","6 : TR","5 : RB | 6 : TR","2 : FP | 4 : RB | 18 : TM | 6 : TR","2 : FP | 4 : RB | 18 : TM | 6 : TR","5 : TR","RB: 13 | TR: 23 | FP: 4 | TM: 36 | Total: 76","TR: 36 | RB: 15 | FP: 4 | TM: 36 | Total: 91","TR: 29 | RB: 13 | FP: 4 | TM: 36 | Total: 82","FP: 4 | RB: 8 | TM: 36 | TR: 17 | Total: 65"
"RD52","AW, PA, FP",26,"2013, 2017",2,"12 : AW",NA,NA,NA,"2 : FP | 12 : PA",NA,NA,"FP: 2 | PA: 12 | Total: 14","AW: 12 | FP: 2 | PA: 12 | Total: 26","FP: 2 | PA: 12 | Total: 14","FP: 2 | PA: 12 | Total: 14"
"RD53","RB, PA, FP",17,"2014, 2015, 2019",3,NA,"2 : RB","2 : FP | 12 : PA",NA,NA,NA,"1 : RB","RB: 1 | Total: 1","RB: 2 | FP: 2 | PA: 12 | Total: 16","FP: 2 | PA: 12 | RB: 1 | Total: 15","RB: 1 | Total: 1"
"RD54","AW",12,"2015",1,NA,NA,"12 : AW",NA,NA,NA,NA,NA,"AW: 12 | Total: 12","AW: 12 | Total: 12",NA
"RD55","AW, QA, RL, RB",178,"2017, 2018, 2016, 2019",4,NA,NA,NA,"2 : RB","6 : AW | 2 : QA | 2 : RB | 73 : RL","5 : AW | 2 : QA | 84 : RL","2 : RB","RB: 6 | AW: 11 | QA: 4 | RL: 157 | Total: 178","RB: 4 | AW: 11 | QA: 4 | RL: 157 | Total: 176","RB: 6 | AW: 11 | QA: 4 | RL: 157 | Total: 178","AW: 11 | QA: 4 | RB: 4 | RL: 157 | Total: 176"
"RD56","FP, RB, PA, QA, AW",31,"2017, 2013, 2014, 2016",4,"3 : RB","12 : AW",NA,"2 : RB","2 : FP | 11 : PA | 1 : QA",NA,NA,"RB: 2 | FP: 2 | PA: 11 | QA: 1 | Total: 16","RB: 5 | AW: 12 | FP: 2 | PA: 11 | QA: 1 | Total: 31","RB: 2 | FP: 2 | PA: 11 | QA: 1 | Total: 16","FP: 2 | PA: 11 | QA: 1 | Total: 14"
"RD57","RB, AW, PA, FP",24,"2013, 2016, 2019",3,"4 : RB",NA,NA,"12 : AW | 4 : RB",NA,NA,"2 : FP | 1 : PA | 1 : RB","AW: 12 | RB: 5 | FP: 2 | PA: 1 | Total: 20","RB: 8 | AW: 12 | Total: 20","AW: 12 | RB: 5 | FP: 2 | PA: 1 | Total: 20","FP: 2 | PA: 1 | RB: 1 | Total: 4"
"RD58","PA, FP, AW, RB",25,"2013, 2019",2,"1 : FP | 12 : PA",NA,NA,NA,NA,NA,"10 : AW | 2 : RB","AW: 10 | RB: 2 | Total: 12","FP: 1 | PA: 12 | Total: 13","AW: 10 | RB: 2 | Total: 12","AW: 10 | RB: 2 | Total: 12"
"RD59","RB, AW, FP, PA",19,"2016, 2014, 2019",3,NA,"12 : AW",NA,"2 : RB",NA,NA,"2 : FP | 1 : PA | 2 : RB","RB: 4 | FP: 2 | PA: 1 | Total: 7","AW: 12 | RB: 2 | Total: 14","RB: 4 | FP: 2 | PA: 1 | Total: 7","FP: 2 | PA: 1 | RB: 2 | Total: 5"
"RD60","TR, RB",42,"2013, 2014, 2015, 2016, 2017, 2018, 2019",7,"6 : TR","6 : TR","6 : TR","6 : TR","6 : TR","1 : RB | 6 : TR","5 : TR","TR: 23 | RB: 1 | Total: 24","TR: 36 | RB: 1 | Total: 37","TR: 29 | RB: 1 | Total: 30","TR: 17 | RB: 1 | Total: 18"
"RD61","AW, RB",14,"2013, 2015",2,"12 : AW",NA,"2 : RB",NA,NA,NA,NA,NA,"AW: 12 | RB: 2 | Total: 14","RB: 2 | Total: 2",NA
"RD62","AW, RB",15,"2017, 2018, 2014",3,NA,"1 : RB",NA,NA,"6 : AW | 2 : RB","6 : AW",NA,"AW: 12 | RB: 2 | Total: 14","RB: 3 | AW: 12 | Total: 15","AW: 12 | RB: 2 | Total: 14","AW: 12 | RB: 2 | Total: 14"
"RD63","RB, PA",17,"2014, 2015, 2019",3,NA,"4 : RB","12 : PA",NA,NA,NA,"1 : PA","PA: 1 | Total: 1","RB: 4 | PA: 12 | Total: 16","PA: 13 | Total: 13","PA: 1 | Total: 1"
"RD64","RB, IM",31,"2014, 2015, 2016, 2017, 2018",5,NA,"1 : RB","6 : IM","12 : IM","6 : IM","6 : IM",NA,"IM: 24 | Total: 24","RB: 1 | IM: 30 | Total: 31","IM: 30 | Total: 30","IM: 12 | Total: 12"
"RD65","RL, RB, AW, PA",84,"2015, 2016, 2013, 2017, 2018",5,"4 : RB",NA,"12 : PA | 29 : RL","4 : RB | 23 : RL","6 : AW","6 : AW",NA,"RB: 4 | RL: 23 | AW: 12 | Total: 39","RB: 8 | PA: 12 | RL: 52 | AW: 12 | Total: 84","PA: 12 | RL: 52 | RB: 4 | AW: 12 | Total: 80","AW: 12 | Total: 12"
"RD66","RB, QA, AW",14,"2016, 2017, 2018",3,NA,NA,NA,"2 : RB","5 : AW | 1 : QA","6 : AW",NA,"RB: 2 | AW: 11 | QA: 1 | Total: 14","RB: 2 | AW: 11 | QA: 1 | Total: 14","RB: 2 | AW: 11 | QA: 1 | Total: 14","AW: 11 | QA: 1 | Total: 12"
"RD67","TR, TM",48,"2013, 2014, 2015, 2016, 2017, 2018, 2019",7,"6 : TR","6 : TR","7 : TM | 6 : TR","6 : TR","6 : TR","6 : TR","5 : TR","TR: 23 | Total: 23","TR: 36 | TM: 7 | Total: 43","TM: 7 | TR: 29 | Total: 36","TR: 17 | Total: 17"
"RD70","TR",41,"2013, 2014, 2015, 2016, 2017, 2018, 2019",7,"6 : TR","6 : TR","6 : TR","6 : TR","6 : TR","6 : TR","5 : TR","TR: 23 | Total: 23","TR: 36 | Total: 36","TR: 29 | Total: 29","TR: 17 | Total: 17"
"RD71","AW",12,"2013",1,"12 : AW",NA,NA,NA,NA,NA,NA,NA,"AW: 12 | Total: 12",NA,NA
"RD72","AW, QA",12,"2017, 2018",2,NA,NA,NA,NA,"6 : AW","5 : AW | 1 : QA",NA,"AW: 11 | QA: 1 | Total: 12","AW: 11 | QA: 1 | Total: 12","AW: 11 | QA: 1 | Total: 12","AW: 11 | QA: 1 | Total: 12"
"RD73","AW, QA, TR, RB",14,"2017, 2018, 2015",3,NA,NA,"2 : RB",NA,"5 : AW | 1 : QA","6 : TR",NA,"AW: 5 | QA: 1 | TR: 6 | Total: 12","RB: 2 | AW: 5 | QA: 1 | TR: 6 | Total: 14","RB: 2 | AW: 5 | QA: 1 | TR: 6 | Total: 14","AW: 5 | QA: 1 | TR: 6 | Total: 12"
"RD74","RB, FP",2,"2015, 2018",2,NA,NA,"1 : RB",NA,NA,"1 : FP",NA,"FP: 1 | Total: 1","RB: 1 | FP: 1 | Total: 2","RB: 1 | FP: 1 | Total: 2","FP: 1 | Total: 1"
"RD75","AW, RB",14,"2014, 2015",2,NA,"12 : AW","2 : RB",NA,NA,NA,NA,NA,"AW: 12 | RB: 2 | Total: 14","RB: 2 | Total: 2",NA
"RD76","AW",21,"2013, 2019",2,"12 : AW",NA,NA,NA,NA,NA,"9 : AW","AW: 9 | Total: 9","AW: 12 | Total: 12","AW: 9 | Total: 9","AW: 9 | Total: 9"
"RD77","TR, RB, DR",72,"2013, 2014, 2015, 2016, 2017, 2018, 2019",7,"6 : TR","7 : DR | 6 : TR","7 : DR | 5 : RB | 6 : TR","7 : DR | 6 : TR","3 : DR | 6 : TR","2 : DR | 6 : TR","5 : TR","DR: 12 | TR: 23 | Total: 35","TR: 36 | DR: 26 | RB: 5 | Total: 67","DR: 19 | RB: 5 | TR: 29 | Total: 53","DR: 5 | TR: 17 | Total: 22"
"RL01","RB, AW, QA, TR",16,"2014, 2016, 2017, 2018",4,NA,"2 : RB",NA,"2 : RB","5 : AW | 1 : QA","6 : TR",NA,"RB: 2 | AW: 5 | QA: 1 | TR: 6 | Total: 14","RB: 4 | AW: 5 | QA: 1 | TR: 6 | Total: 16","RB: 2 | AW: 5 | QA: 1 | TR: 6 | Total: 14","AW: 5 | QA: 1 | TR: 6 | Total: 12"
"RL03","AW, TR, QA",22,"2017, 2018, 2019",3,NA,NA,NA,NA,"6 : AW","6 : TR","9 : AW | 1 : QA","AW: 15 | TR: 6 | QA: 1 | Total: 22","AW: 6 | TR: 6 | Total: 12","AW: 15 | TR: 6 | QA: 1 | Total: 22","AW: 15 | TR: 6 | QA: 1 | Total: 22"
"RL06","RL",410,"2014, 2016, 2018, 2019",4,NA,"114 : RL",NA,"111 : RL",NA,"114 : RL","71 : RL","RL: 296 | Total: 296","RL: 339 | Total: 339","RL: 296 | Total: 296","RL: 185 | Total: 185"
"RL07","RL, FP, PA",301,"2014, 2016, 2018, 2019",4,NA,"77 : RL",NA,"87 : RL",NA,"81 : RL","2 : FP | 1 : PA | 53 : RL","RL: 221 | FP: 2 | PA: 1 | Total: 224","RL: 245 | Total: 245","RL: 221 | FP: 2 | PA: 1 | Total: 224","RL: 134 | FP: 2 | PA: 1 | Total: 137"
"RL09","RL",1817,"2014, 2016, 2018, 2019",4,NA,"492 : RL",NA,"497 : RL",NA,"517 : RL","311 : RL","RL: 1325 | Total: 1325","RL: 1506 | Total: 1506","RL: 1325 | Total: 1325","RL: 828 | Total: 828"
"RL10","TM, RB, TR",62,"2013, 2014, 2015, 2016, 2017, 2018, 2019",7,"3 : RB | 6 : TM | 6 : TR","2 : RB | 6 : TM | 6 : TR","6 : TR","6 : TR","2 : RB | 6 : TR","2 : RB | 6 : TR","5 : TR","TR: 23 | RB: 4 | Total: 27","RB: 9 | TM: 12 | TR: 36 | Total: 57","TR: 29 | RB: 4 | Total: 33","RB: 4 | TR: 17 | Total: 21"
"RL11","TR, RB, TM",67,"2013, 2014, 2015, 2016, 2017, 2018, 2019",7,"6 : TM | 6 : TR","6 : TM | 6 : TR","6 : TR","6 : TR","2 : RB | 6 : TM | 6 : TR","6 : TM | 6 : TR","5 : TR","TR: 23 | RB: 2 | TM: 12 | Total: 37","TM: 24 | TR: 36 | RB: 2 | Total: 62","TR: 29 | RB: 2 | TM: 12 | Total: 43","RB: 2 | TM: 12 | TR: 17 | Total: 31"
"RL12","TM, TR",53,"2013, 2014, 2015, 2016, 2017, 2018, 2019",7,"6 : TM | 6 : TR","6 : TM | 6 : TR","6 : TR","6 : TR","6 : TR","6 : TR","5 : TR","TR: 23 | Total: 23","TM: 12 | TR: 36 | Total: 48","TR: 29 | Total: 29","TR: 17 | Total: 17"
"RL13","AW, RL, PA, FP",100,"2014, 2013, 2019",3,"27 : RL","12 : AW | 30 : RL",NA,NA,NA,NA,"2 : FP | 1 : PA | 28 : RL","FP: 2 | PA: 1 | RL: 28 | Total: 31","RL: 57 | AW: 12 | Total: 69","FP: 2 | PA: 1 | RL: 28 | Total: 31","FP: 2 | PA: 1 | RL: 28 | Total: 31"
"RL14","TR, RB, RL",220,"2013, 2014, 2015, 2016, 2017, 2018, 2019",7,"6 : TR","49 : RL | 6 : TR","6 : TR","49 : RL | 6 : TR","2 : RB | 6 : TR","45 : RL | 6 : TR","34 : RL | 5 : TR","RL: 128 | TR: 23 | RB: 2 | Total: 153","TR: 36 | RL: 143 | RB: 2 | Total: 181","TR: 29 | RL: 128 | RB: 2 | Total: 159","RB: 2 | TR: 17 | RL: 79 | Total: 98"
"RL18","RB, AW, RL, QA",369,"2014, 2017, 2018, 2016, 2019",5,NA,"2 : RB | 112 : RL",NA,"91 : RL","6 : AW","6 : AW | 1 : QA | 2 : RB | 81 : RL","1 : QA | 67 : RL","RL: 239 | AW: 12 | QA: 2 | RB: 2 | Total: 255","RB: 4 | RL: 284 | AW: 12 | QA: 1 | Total: 301","RL: 239 | AW: 12 | QA: 2 | RB: 2 | Total: 255","AW: 12 | QA: 2 | RB: 2 | RL: 148 | Total: 164"
"RL20","PA, RB, FP",18,"2013, 2017, 2014",3,"2 : FP | 12 : PA","2 : RB",NA,NA,"2 : RB",NA,NA,"RB: 2 | Total: 2","FP: 2 | PA: 12 | RB: 4 | Total: 18","RB: 2 | Total: 2","RB: 2 | Total: 2"
"RL21","RB",1,"2015",1,NA,NA,"1 : RB",NA,NA,NA,NA,NA,"RB: 1 | Total: 1","RB: 1 | Total: 1",NA
"RL22","TM",12,"2013, 2014",2,"6 : TM","6 : TM",NA,NA,NA,NA,NA,NA,"TM: 12 | Total: 12",NA,NA
"RL23","AW",12,"2013",1,"12 : AW",NA,NA,NA,NA,NA,NA,NA,"AW: 12 | Total: 12",NA,NA
"RU01","AW",12,"2015",1,NA,NA,"12 : AW",NA,NA,NA,NA,NA,"AW: 12 | Total: 12","AW: 12 | Total: 12",NA
"RU02","PA, FP, RB",33,"2014, 2015, 2017",3,NA,"2 : FP | 13 : PA","4 : RB",NA,"2 : FP | 12 : PA",NA,NA,"FP: 2 | PA: 12 | Total: 14","FP: 4 | PA: 25 | RB: 4 | Total: 33","RB: 4 | FP: 2 | PA: 12 | Total: 18","FP: 2 | PA: 12 | Total: 14"
"RU03","AW",12,"2016",1,NA,NA,NA,"12 : AW",NA,NA,NA,"AW: 12 | Total: 12","AW: 12 | Total: 12","AW: 12 | Total: 12",NA
"RU04","AW",12,"2017",1,NA,NA,NA,NA,"12 : AW",NA,NA,"AW: 12 | Total: 12","AW: 12 | Total: 12","AW: 12 | Total: 12","AW: 12 | Total: 12"
"RU05","AW",22,"2014, 2019",2,NA,"12 : AW",NA,NA,NA,NA,"10 : AW","AW: 10 | Total: 10","AW: 12 | Total: 12","AW: 10 | Total: 10","AW: 10 | Total: 10"
"RU06","AW, QA, FP",25,"2013, 2015",2,"12 : AW | 1 : FP",NA,"11 : AW | 1 : QA",NA,NA,NA,NA,NA,"AW: 23 | FP: 1 | QA: 1 | Total: 25","AW: 11 | QA: 1 | Total: 12",NA
"RU07","TR",41,"2017, 2013, 2014, 2015, 2016, 2018, 2019",7,"6 : TR","6 : TR","6 : TR","6 : TR","6 : TR","6 : TR","5 : TR","TR: 23 | Total: 23","TR: 36 | Total: 36","TR: 29 | Total: 29","TR: 17 | Total: 17"
"RU08","AW, QA",22,"2013, 2019",2,"12 : AW",NA,NA,NA,NA,NA,"9 : AW | 1 : QA","AW: 9 | QA: 1 | Total: 10","AW: 12 | Total: 12","AW: 9 | QA: 1 | Total: 10","AW: 9 | QA: 1 | Total: 10"
"RU09","PA, QA, FP, RB, TR",58,"2017, 2018, 2013, 2014, 2015, 2016, 2019",7,"6 : TR","6 : TR","6 : TR","6 : TR","1 : FP | 11 : PA | 1 : QA | 2 : RB | 6 : TR","2 : RB | 6 : TR","5 : TR","TR: 23 | FP: 1 | PA: 11 | QA: 1 | RB: 4 | Total: 40","TR: 36 | FP: 1 | PA: 11 | QA: 1 | RB: 4 | Total: 53","TR: 29 | FP: 1 | PA: 11 | QA: 1 | RB: 4 | Total: 46","FP: 1 | PA: 11 | QA: 1 | RB: 4 | TR: 17 | Total: 34"
"RU10","RB, AW, QA",16,"2013, 2015, 2016",3,"2 : RB",NA,"11 : AW | 1 : QA","2 : RB",NA,NA,NA,"RB: 2 | Total: 2","RB: 4 | AW: 11 | QA: 1 | Total: 16","AW: 11 | QA: 1 | RB: 2 | Total: 14",NA
"RU11","TM, RB, AW, PT",42,"2015, 2016, 2017, 2018, 2019",5,NA,NA,"2 : RB | 6 : TM","10 : TM","12 : AW | 8 : TM","2 : PT","2 : PT","TM: 18 | AW: 12 | PT: 4 | Total: 34","RB: 2 | TM: 24 | AW: 12 | PT: 2 | Total: 40","RB: 2 | TM: 24 | AW: 12 | PT: 4 | Total: 42","AW: 12 | TM: 8 | PT: 4 | Total: 24"
"RU12","PA, QA, FP, RL, AW, TM, RB, PT",317,"2015, 2017, 2018, 2016",4,NA,NA,"2 : FP | 10 : PA | 2 : QA | 2 : RB | 6 : TM","2 : FP | 1 : PT | 5 : TM","3 : AW | 140 : RL","144 : RL",NA,"FP: 2 | PT: 1 | TM: 5 | AW: 3 | RL: 284 | Total: 295","FP: 4 | PA: 10 | QA: 2 | RB: 2 | TM: 11 | PT: 1 | AW: 3 | RL: 284 | Total: 317","FP: 4 | PA: 10 | QA: 2 | RB: 2 | TM: 11 | PT: 1 | AW: 3 | RL: 284 | Total: 317","AW: 3 | RL: 284 | Total: 287"
"RU13","TM, TR, RB",74,"2015, 2016, 2017, 2018, 2013, 2014, 2019",7,"6 : TR","6 : TR","2 : RB | 6 : TM | 6 : TR","8 : TM | 6 : TR","8 : TM | 6 : TR","2 : RB | 12 : TR","1 : RB | 5 : TR","TM: 16 | TR: 29 | RB: 3 | Total: 48","TR: 42 | RB: 4 | TM: 22 | Total: 68","RB: 5 | TM: 22 | TR: 35 | Total: 62","TM: 8 | TR: 23 | RB: 3 | Total: 34"
"RU14","RB, TM, TR, PA, PT, FP",132,"2017, 2018, 2013, 2014, 2015, 2016, 2019",7,"2 : RB | 12 : TR","4 : RB | 12 : TR","4 : RB | 8 : TM | 12 : TR","10 : TM | 10 : TR","1 : FP | 12 : PA | 1 : PT | 2 : RB | 8 : TM | 11 : TR","2 : RB | 12 : TR","9 : TR","TM: 18 | TR: 42 | FP: 1 | PA: 12 | PT: 1 | RB: 4 | Total: 78","RB: 14 | TR: 69 | TM: 26 | FP: 1 | PA: 12 | PT: 1 | Total: 123","RB: 8 | TM: 26 | TR: 54 | FP: 1 | PA: 12 | PT: 1 | Total: 102","FP: 1 | PA: 12 | PT: 1 | RB: 4 | TM: 8 | TR: 32 | Total: 58"
"RU15","AW, RB, TM",74,"2014, 2013, 2015, 2016, 2017, 2019",6,"2 : RB","12 : AW","6 : RB","6 : RB","6 : RB | 36 : TM",NA,"6 : RB","RB: 18 | TM: 36 | Total: 54","RB: 20 | AW: 12 | TM: 36 | Total: 68","RB: 24 | TM: 36 | Total: 60","RB: 12 | TM: 36 | Total: 48"
"RU16","AW, RB, RL",377,"2017, 2018, 2013, 2014, 2015, 2016, 2019",7,"58 : RL","59 : RL","50 : RL","45 : RL","12 : AW | 2 : RB | 49 : RL","2 : RB | 49 : RL","51 : RL","RL: 194 | AW: 12 | RB: 4 | Total: 210","RL: 310 | AW: 12 | RB: 4 | Total: 326","RL: 244 | AW: 12 | RB: 4 | Total: 260","AW: 12 | RB: 4 | RL: 149 | Total: 165"
"RU17","AW, RB",17,"2017, 2018, 2019",3,NA,NA,NA,NA,"12 : AW | 2 : RB","2 : RB","1 : RB","AW: 12 | RB: 5 | Total: 17","AW: 12 | RB: 4 | Total: 16","AW: 12 | RB: 5 | Total: 17","AW: 12 | RB: 5 | Total: 17"
"RU18","RL",3808,"2013, 2014, 2015, 2016, 2017, 2018, 2019",7,"531 : RL","592 : RL","498 : RL","505 : RL","520 : RL","586 : RL","576 : RL","RL: 2187 | Total: 2187","RL: 3232 | Total: 3232","RL: 2685 | Total: 2685","RL: 1682 | Total: 1682"
"RU19","RL, AW, TM, RB",1351,"2013, 2014, 2015, 2016, 2017, 2018, 2019",7,"184 : RL","224 : RL","189 : RL","2 : AW | 201 : RL","2 : RB | 174 : RL | 6 : TM","1 : RB | 195 : RL | 6 : TM","1 : RB | 166 : RL","AW: 2 | RL: 736 | RB: 4 | TM: 12 | Total: 754","RL: 1167 | AW: 2 | RB: 3 | TM: 12 | Total: 1184","RL: 925 | AW: 2 | RB: 4 | TM: 12 | Total: 943","RB: 4 | RL: 535 | TM: 12 | Total: 551"
"RU20","TR, TM, FP, IM",71,"2013, 2014, 2015, 2016, 2017, 2018, 2019",7,"6 : TR","6 : TR","2 : FP | 6 : TR","6 : TR","6 : TR","2 : TM | 6 : TR","25 : IM | 2 : TM | 4 : TR","TR: 22 | TM: 4 | IM: 25 | Total: 51","TR: 36 | FP: 2 | TM: 2 | Total: 40","FP: 2 | TR: 28 | TM: 4 | IM: 25 | Total: 59","TR: 16 | TM: 4 | IM: 25 | Total: 45"
"RU21","TR, QA, PA, RB, IM",79,"2013, 2014, 2015, 2016, 2017, 2018, 2019",7,"6 : TR","6 : TR","2 : RB | 6 : TR","12 : PA | 6 : TR","6 : TR","1 : QA | 5 : TR","24 : IM | 5 : TR","PA: 12 | TR: 22 | QA: 1 | IM: 24 | Total: 59","TR: 35 | RB: 2 | PA: 12 | QA: 1 | Total: 50","RB: 2 | TR: 28 | PA: 12 | QA: 1 | IM: 24 | Total: 67","TR: 16 | QA: 1 | IM: 24 | Total: 41"
"RU22","RB, TR, QA, TM, IM",328,"2018, 2013, 2014, 2015, 2016, 2017, 2019",7,"30 : TR","2 : RB | 30 : TR","2 : RB | 30 : TR","29 : TR","30 : TR","1 : QA | 3 : RB | 2 : TM | 30 : TR","92 : IM | 5 : RB | 13 : TM | 29 : TR","TR: 118 | QA: 1 | RB: 8 | TM: 15 | IM: 92 | Total: 234","TR: 179 | RB: 7 | QA: 1 | TM: 2 | Total: 189","RB: 10 | TR: 148 | QA: 1 | TM: 15 | IM: 92 | Total: 266","TR: 89 | QA: 1 | RB: 8 | TM: 15 | IM: 92 | Total: 205"
"RU23","TR, RB, PA, FP, IM",80,"2013, 2014, 2015, 2016, 2017, 2018, 2019",7,"6 : TR","2 : FP | 6 : PA | 6 : TR","6 : TR","6 : TR","6 : TR","2 : RB | 6 : TR","24 : IM | 1 : RB | 9 : TR","TR: 27 | RB: 3 | IM: 24 | Total: 54","TR: 36 | FP: 2 | PA: 6 | RB: 2 | Total: 46","TR: 33 | RB: 3 | IM: 24 | Total: 60","TR: 21 | RB: 3 | IM: 24 | Total: 48"
"RU24","RL, TR, RB, IM",1703,"2013, 2014, 2015, 2016, 2017, 2018, 2019",7,"246 : RL | 6 : TR","262 : RL | 6 : TR","186 : RL | 6 : TR","219 : RL | 6 : TR","2 : RB | 252 : RL | 6 : TR","2 : RB | 249 : RL | 6 : TR","26 : IM | 218 : RL | 5 : TR","RL: 938 | TR: 23 | RB: 4 | IM: 26 | Total: 991","RL: 1414 | TR: 36 | RB: 4 | Total: 1454","RL: 1124 | TR: 29 | RB: 4 | IM: 26 | Total: 1183","RB: 4 | RL: 719 | TR: 17 | IM: 26 | Total: 766"
"RU25","RL, TR, RB, TM",852,"2013, 2014, 2015, 2016, 2017, 2018, 2019",7,"120 : RL | 6 : TR","123 : RL | 6 : TR","2 : RB | 93 : RL | 6 : TR","106 : RL | 8 : TM | 6 : TR","2 : RB | 124 : RL | 8 : TM | 6 : TR","2 : RB | 117 : RL | 6 : TR","2 : RB | 103 : RL | 6 : TR","RL: 450 | TM: 16 | TR: 24 | RB: 6 | Total: 496","RL: 683 | TR: 36 | RB: 6 | TM: 16 | Total: 741","RB: 8 | RL: 543 | TR: 30 | TM: 16 | Total: 597","RB: 6 | RL: 344 | TM: 8 | TR: 18 | Total: 376"
"RU26","RL",4115,"2013, 2014, 2015, 2016, 2017, 2018, 2019",7,"693 : RL","614 : RL","467 : RL","517 : RL","643 : RL","632 : RL","549 : RL","RL: 2341 | Total: 2341","RL: 3566 | Total: 3566","RL: 2808 | Total: 2808","RL: 1824 | Total: 1824"
"RU27","RL, AW, TM, QA",5461,"2013, 2014, 2015, 2016, 2017, 2018, 2019",7,"710 : RL","928 : RL","791 : RL","12 : AW | 732 : RL","699 : RL","1 : QA | 858 : RL | 12 : TM","718 : RL","AW: 12 | RL: 3007 | QA: 1 | TM: 12 | Total: 3032","RL: 4718 | AW: 12 | QA: 1 | TM: 12 | Total: 4743","RL: 3798 | AW: 12 | QA: 1 | TM: 12 | Total: 3823","RL: 2275 | QA: 1 | TM: 12 | Total: 2288"
"RU28","AW",23,"2013, 2019",2,"12 : AW",NA,NA,NA,NA,NA,"11 : AW","AW: 11 | Total: 11","AW: 12 | Total: 12","AW: 11 | Total: 11","AW: 11 | Total: 11"
"RU29","RB, TM, PA, QA, IM, FP",128,"2015, 2016, 2013, 2014, 2017, 2018, 2019",7,"2 : FP | 12 : PA | 1 : RB | 18 : TM","10 : PA | 2 : QA | 2 : RB | 18 : TM","12 : IM | 2 : RB | 1 : TM","7 : IM | 1 : RB","12 : IM | 2 : RB | 6 : TM","11 : IM | 1 : QA | 1 : RB | 6 : TM","1 : RB","IM: 30 | RB: 5 | TM: 12 | QA: 1 | Total: 48","FP: 2 | PA: 22 | RB: 9 | TM: 49 | QA: 3 | IM: 42 | Total: 127","IM: 42 | RB: 7 | TM: 13 | QA: 1 | Total: 63","IM: 23 | RB: 4 | TM: 12 | QA: 1 | Total: 40"
"RU30","TR",41,"2013, 2014, 2015, 2016, 2017, 2018, 2019",7,"6 : TR","6 : TR","6 : TR","6 : TR","6 : TR","6 : TR","5 : TR","TR: 23 | Total: 23","TR: 36 | Total: 36","TR: 29 | Total: 29","TR: 17 | Total: 17"
"RU31","TM, QA, PA, RB, FP",44,"2013, 2014, 2017, 2018, 2019",5,"1 : QA | 5 : TM","10 : PA | 1 : QA | 6 : TM",NA,NA,"2 : RB","2 : FP | 12 : PA | 1 : QA | 2 : RB","2 : FP","RB: 4 | FP: 4 | PA: 12 | QA: 1 | Total: 21","QA: 3 | TM: 11 | PA: 22 | RB: 4 | FP: 2 | Total: 42","RB: 4 | FP: 4 | PA: 12 | QA: 1 | Total: 21","RB: 4 | FP: 4 | PA: 12 | QA: 1 | Total: 21"
"RU32","AW, QA, IM",35,"2014, 2015, 2016, 2017, 2018",5,NA,"10 : AW | 1 : QA","6 : IM","6 : IM","6 : IM","6 : IM",NA,"IM: 18 | Total: 18","AW: 10 | QA: 1 | IM: 24 | Total: 35","IM: 24 | Total: 24","IM: 12 | Total: 12"
"RU33","AW, QA",12,"2018",1,NA,NA,NA,NA,NA,"11 : AW | 1 : QA",NA,"AW: 11 | QA: 1 | Total: 12","AW: 11 | QA: 1 | Total: 12","AW: 11 | QA: 1 | Total: 12","AW: 11 | QA: 1 | Total: 12"
"RU34","AW, RB, PA, QA, FP",25,"2015, 2013, 2018",3,"2 : RB",NA,"12 : AW",NA,NA,"2 : FP | 8 : PA | 1 : QA",NA,"FP: 2 | PA: 8 | QA: 1 | Total: 11","RB: 2 | AW: 12 | FP: 2 | PA: 8 | QA: 1 | Total: 25","AW: 12 | FP: 2 | PA: 8 | QA: 1 | Total: 23","FP: 2 | PA: 8 | QA: 1 | Total: 11"
"RU35","RB, TM, TR, FP",75,"2013, 2014, 2017, 2018, 2015, 2016, 2019",7,"2 : RB | 6 : TR","2 : RB | 11 : TM | 6 : TR","6 : TR","7 : TR","2 : RB | 6 : TM | 6 : TR","2 : RB | 6 : TM | 6 : TR","2 : FP | 5 : TR","TR: 24 | RB: 4 | TM: 12 | FP: 2 | Total: 42","RB: 8 | TR: 37 | TM: 23 | Total: 68","TR: 30 | RB: 4 | TM: 12 | FP: 2 | Total: 48","RB: 4 | TM: 12 | TR: 17 | FP: 2 | Total: 35"
"RU36","TM, IM, TR, FP",71,"2013, 2014, 2015, 2016, 2017, 2018",6,"12 : TM","10 : TM","12 : IM","12 : IM","12 : TR","2 : FP | 11 : TR",NA,"IM: 12 | TR: 23 | FP: 2 | Total: 37","TM: 22 | IM: 24 | TR: 23 | FP: 2 | Total: 71","IM: 24 | TR: 23 | FP: 2 | Total: 49","TR: 23 | FP: 2 | Total: 25"
"RU37","RB, TM, IM, TR",98,"2013, 2014, 2017, 2018, 2015, 2016, 2019",7,"4 : RB | 6 : TM | 6 : TR","2 : RB | 16 : TM | 6 : TR","6 : IM | 5 : TR","6 : IM | 6 : TR","2 : RB | 6 : TR","6 : IM | 2 : RB | 3 : TM | 6 : TR","10 : TR","IM: 12 | TR: 28 | RB: 4 | TM: 3 | Total: 47","RB: 10 | TM: 25 | TR: 35 | IM: 18 | Total: 88","IM: 18 | TR: 33 | RB: 4 | TM: 3 | Total: 58","RB: 4 | TR: 22 | IM: 6 | TM: 3 | Total: 35"
"RU38","AW, TM, IM, RL, FP, PA, RB",953,"2013, 2014, 2018, 2015, 2017, 2016, 2019",7,"12 : AW | 215 : RL","6 : TM","198 : RL","2 : FP | 12 : PA","188 : RL","6 : IM | 163 : RL","2 : RB | 149 : RL","FP: 2 | PA: 12 | RL: 500 | IM: 6 | RB: 2 | Total: 522","AW: 12 | RL: 764 | TM: 6 | FP: 2 | PA: 12 | IM: 6 | Total: 802","RL: 698 | FP: 2 | PA: 12 | IM: 6 | RB: 2 | Total: 720","RL: 500 | IM: 6 | RB: 2 | Total: 508"
"RU39","RB, AW, SS, PA, FP",47,"2013, 2018, 2014, 2016, 2019",5,"2 : RB","4 : FP | 11 : PA",NA,"3 : FP",NA,"12 : AW | 2 : FP | 12 : SS","1 : RB","FP: 5 | AW: 12 | SS: 12 | RB: 1 | Total: 30","RB: 2 | FP: 9 | PA: 11 | AW: 12 | SS: 12 | Total: 46","FP: 5 | AW: 12 | SS: 12 | RB: 1 | Total: 30","AW: 12 | FP: 2 | SS: 12 | RB: 1 | Total: 27"
"RU40","TM, RB, IM",23,"2015, 2016, 2017, 2019",4,NA,NA,"2 : RB | 6 : TM","6 : IM | 2 : TM","6 : TM",NA,"1 : RB","IM: 6 | TM: 8 | RB: 1 | Total: 15","RB: 2 | TM: 14 | IM: 6 | Total: 22","RB: 3 | TM: 14 | IM: 6 | Total: 23","TM: 6 | RB: 1 | Total: 7"
"RU41","FP, PA, QA, TM, RB",36,"2016, 2015, 2017",3,NA,NA,"2 : RB | 6 : TM","2 : FP | 11 : PA | 1 : QA | 8 : TM","6 : TM",NA,NA,"FP: 2 | PA: 11 | QA: 1 | TM: 14 | Total: 28","RB: 2 | TM: 20 | FP: 2 | PA: 11 | QA: 1 | Total: 36","RB: 2 | TM: 20 | FP: 2 | PA: 11 | QA: 1 | Total: 36","TM: 6 | Total: 6"
"RU42","AW, RB",13,"2015, 2019",2,NA,NA,"12 : AW",NA,NA,NA,"1 : RB","RB: 1 | Total: 1","AW: 12 | Total: 12","AW: 12 | RB: 1 | Total: 13","RB: 1 | Total: 1"
"RU43","TR, PA",53,"2013, 2014, 2015, 2016, 2017, 2018, 2019",7,"6 : TR","12 : PA | 6 : TR","6 : TR","6 : TR","6 : TR","6 : TR","5 : TR","TR: 23 | Total: 23","TR: 36 | PA: 12 | Total: 48","TR: 29 | Total: 29","TR: 17 | Total: 17"
"RU44","AW",12,"2015",1,NA,NA,"12 : AW",NA,NA,NA,NA,NA,"AW: 12 | Total: 12","AW: 12 | Total: 12",NA
"RU45","RB, AW",11,"2018, 2019",2,NA,NA,NA,NA,NA,"1 : RB","10 : AW","RB: 1 | AW: 10 | Total: 11","RB: 1 | Total: 1","RB: 1 | AW: 10 | Total: 11","RB: 1 | AW: 10 | Total: 11"
"RU46","AW",12,"2014",1,NA,"12 : AW",NA,NA,NA,NA,NA,NA,"AW: 12 | Total: 12",NA,NA
"RU47","RB, AW",14,"2016",1,NA,NA,NA,"12 : AW | 2 : RB",NA,NA,NA,"AW: 12 | RB: 2 | Total: 14","AW: 12 | RB: 2 | Total: 14","AW: 12 | RB: 2 | Total: 14",NA
"RU48","RB, TM, TR, FP",108,"2015, 2017, 2014, 2018, 2013, 2016, 2019",7,"6 : TR","3 : RB | 6 : TR","2 : FP | 3 : RB | 6 : TR","6 : TR","8 : RB | 48 : TM | 6 : TR","1 : RB | 6 : TR","2 : RB | 5 : TR","TR: 23 | RB: 11 | TM: 48 | Total: 82","TR: 36 | RB: 15 | FP: 2 | TM: 48 | Total: 101","FP: 2 | RB: 14 | TR: 29 | TM: 48 | Total: 93","RB: 11 | TM: 48 | TR: 17 | Total: 76"
"RU49","TM, IM",18,"2013, 2014, 2015",3,"6 : TM","6 : TM","6 : IM",NA,NA,NA,NA,NA,"TM: 12 | IM: 6 | Total: 18","IM: 6 | Total: 6",NA
"RU50","TM, IM, RB, PA, FP",34,"2013, 2014, 2015",3,"2 : RB | 6 : TM","6 : TM","2 : FP | 6 : IM | 12 : PA",NA,NA,NA,NA,NA,"RB: 2 | TM: 12 | FP: 2 | IM: 6 | PA: 12 | Total: 34","FP: 2 | IM: 6 | PA: 12 | Total: 20",NA
"RU51","TM, IM",24,"2013, 2014, 2015, 2016",4,"6 : TM","6 : TM","6 : IM","6 : IM",NA,NA,NA,"IM: 6 | Total: 6","TM: 12 | IM: 12 | Total: 24","IM: 12 | Total: 12",NA
"RU52","AW, QA, PA, FP",26,"2017",1,NA,NA,NA,NA,"11 : AW | 2 : FP | 12 : PA | 1 : QA",NA,NA,"AW: 11 | FP: 2 | PA: 12 | QA: 1 | Total: 26","AW: 11 | FP: 2 | PA: 12 | QA: 1 | Total: 26","AW: 11 | FP: 2 | PA: 12 | QA: 1 | Total: 26","AW: 11 | FP: 2 | PA: 12 | QA: 1 | Total: 26"
"RU53","TM, QA, IM",24,"2013, 2014, 2015, 2016",4,"1 : QA | 5 : TM","6 : TM","5 : IM | 1 : QA","6 : IM",NA,NA,NA,"IM: 6 | Total: 6","QA: 2 | TM: 11 | IM: 11 | Total: 24","IM: 11 | QA: 1 | Total: 12",NA
"RU54","TM, TR, FP",49,"2014, 2013, 2015, 2016, 2017, 2018, 2019",7,"6 : TR","12 : TM","6 : TR","6 : TR","6 : TR","6 : TR","2 : FP | 5 : TR","TR: 23 | FP: 2 | Total: 25","TR: 30 | TM: 12 | Total: 42","TR: 29 | FP: 2 | Total: 31","TR: 17 | FP: 2 | Total: 19"
"RU55","TM, QA, IM, PA, FP",37,"2013, 2014, 2015, 2016",4,"1 : QA | 5 : TM","6 : TM","6 : IM","1 : FP | 6 : IM | 12 : PA",NA,NA,NA,"FP: 1 | IM: 6 | PA: 12 | Total: 19","QA: 1 | TM: 11 | IM: 12 | FP: 1 | PA: 12 | Total: 37","IM: 12 | FP: 1 | PA: 12 | Total: 25",NA
"RU56","TM, RB",16,"2013, 2014, 2016",3,"6 : TM","2 : RB | 6 : TM",NA,"2 : RB",NA,NA,NA,"RB: 2 | Total: 2","TM: 12 | RB: 4 | Total: 16","RB: 2 | Total: 2",NA
"RU57","AW, QA",22,"2013, 2019",2,"12 : AW",NA,NA,NA,NA,NA,"9 : AW | 1 : QA","AW: 9 | QA: 1 | Total: 10","AW: 12 | Total: 12","AW: 9 | QA: 1 | Total: 10","AW: 9 | QA: 1 | Total: 10"
"RU58","AW, RB",26,"2014, 2019",2,NA,"12 : AW | 4 : RB",NA,NA,NA,NA,"10 : AW","AW: 10 | Total: 10","AW: 12 | RB: 4 | Total: 16","AW: 10 | Total: 10","AW: 10 | Total: 10"
"RU59","TR, FP, RB",47,"2013, 2014, 2015, 2016, 2017, 2018, 2019",7,"2 : FP | 6 : TR","2 : RB | 6 : TR","6 : TR","6 : TR","6 : TR","6 : TR","2 : RB | 5 : TR","TR: 23 | RB: 2 | Total: 25","FP: 2 | TR: 36 | RB: 2 | Total: 40","TR: 29 | RB: 2 | Total: 31","TR: 17 | RB: 2 | Total: 19"
"RU60","AW",12,"2015",1,NA,NA,"12 : AW",NA,NA,NA,NA,NA,"AW: 12 | Total: 12","AW: 12 | Total: 12",NA
"RU61","RB",2,"2017",1,NA,NA,NA,NA,"2 : RB",NA,NA,"RB: 2 | Total: 2","RB: 2 | Total: 2","RB: 2 | Total: 2","RB: 2 | Total: 2"
"RU62","AW",12,"2016",1,NA,NA,NA,"12 : AW",NA,NA,NA,"AW: 12 | Total: 12","AW: 12 | Total: 12","AW: 12 | Total: 12",NA
"RU63","AW",12,"2015",1,NA,NA,"12 : AW",NA,NA,NA,NA,NA,"AW: 12 | Total: 12","AW: 12 | Total: 12",NA
"RU64","TR, RB",46,"2013, 2014, 2015, 2016, 2017, 2018, 2019",7,"6 : TR","2 : RB | 6 : TR","6 : TR","6 : TR","2 : RB | 6 : TR","6 : TR","6 : TR","TR: 24 | RB: 2 | Total: 26","TR: 36 | RB: 4 | Total: 40","TR: 30 | RB: 2 | Total: 32","RB: 2 | TR: 18 | Total: 20"
"RU65","AW",22,"2014, 2019",2,NA,"12 : AW",NA,NA,NA,NA,"10 : AW","AW: 10 | Total: 10","AW: 12 | Total: 12","AW: 10 | Total: 10","AW: 10 | Total: 10"
"RU66","AW",12,"2017, 2018",2,NA,NA,NA,NA,"6 : AW","6 : AW",NA,"AW: 12 | Total: 12","AW: 12 | Total: 12","AW: 12 | Total: 12","AW: 12 | Total: 12"
"RU67","IM, QA, FP, PA",32,"2015, 2017, 2018",3,NA,NA,"6 : IM",NA,"6 : IM","2 : FP | 5 : IM | 11 : PA | 2 : QA",NA,"IM: 11 | FP: 2 | PA: 11 | QA: 2 | Total: 26","IM: 17 | FP: 2 | PA: 11 | QA: 2 | Total: 32","IM: 17 | FP: 2 | PA: 11 | QA: 2 | Total: 32","IM: 11 | FP: 2 | PA: 11 | QA: 2 | Total: 26"
"RU68","FP, PA, QA, IM, TM, RB",53,"2013, 2017, 2015, 2018, 2016",5,"2 : FP | 12 : PA | 1 : RB | 6 : TM",NA,"6 : IM","2 : RB","6 : IM | 11 : PA | 1 : QA","5 : IM | 1 : QA",NA,"RB: 2 | IM: 11 | PA: 11 | QA: 2 | Total: 26","FP: 2 | PA: 23 | RB: 3 | TM: 6 | IM: 17 | QA: 2 | Total: 53","IM: 17 | RB: 2 | PA: 11 | QA: 2 | Total: 32","IM: 11 | PA: 11 | QA: 2 | Total: 24"
"RU69","TR, PA, FP, RB",58,"2013, 2014, 2015, 2016, 2017, 2018, 2019",7,"2 : FP | 12 : PA | 6 : TR","6 : TR","2 : RB | 6 : TR","6 : TR","6 : TR","6 : TR","1 : FP | 5 : TR","TR: 23 | FP: 1 | Total: 24","FP: 2 | PA: 12 | TR: 36 | RB: 2 | Total: 52","RB: 2 | TR: 29 | FP: 1 | Total: 32","TR: 17 | FP: 1 | Total: 18"
"RU70","RB, AW, QA",14,"2015, 2017, 2018",3,NA,NA,"2 : RB",NA,"6 : AW","5 : AW | 1 : QA",NA,"AW: 11 | QA: 1 | Total: 12","RB: 2 | AW: 11 | QA: 1 | Total: 14","RB: 2 | AW: 11 | QA: 1 | Total: 14","AW: 11 | QA: 1 | Total: 12"
"RU71","PA",13,"2018, 2019",2,NA,NA,NA,NA,NA,"12 : PA","1 : PA","PA: 13 | Total: 13","PA: 12 | Total: 12","PA: 13 | Total: 13","PA: 13 | Total: 13"
"RU72","RB, FP, PA",18,"2014, 2017",2,NA,"4 : RB",NA,NA,"2 : FP | 12 : PA",NA,NA,"FP: 2 | PA: 12 | Total: 14","RB: 4 | FP: 2 | PA: 12 | Total: 18","FP: 2 | PA: 12 | Total: 14","FP: 2 | PA: 12 | Total: 14"
"RU73","AW, QA",22,"2013, 2019",2,"12 : AW",NA,NA,NA,NA,NA,"9 : AW | 1 : QA","AW: 9 | QA: 1 | Total: 10","AW: 12 | Total: 12","AW: 9 | QA: 1 | Total: 10","AW: 9 | QA: 1 | Total: 10"
"RU74","AW, RB",25,"2014, 2019",2,NA,"12 : AW | 2 : RB",NA,NA,NA,NA,"10 : AW | 1 : RB","AW: 10 | RB: 1 | Total: 11","AW: 12 | RB: 2 | Total: 14","AW: 10 | RB: 1 | Total: 11","AW: 10 | RB: 1 | Total: 11"
"RU75","AW",10,"2019",1,NA,NA,NA,NA,NA,NA,"10 : AW","AW: 10 | Total: 10",NA,"AW: 10 | Total: 10","AW: 10 | Total: 10"
"RU76","RB, AW, QA",14,"2013, 2016",2,"2 : RB",NA,NA,"11 : AW | 1 : QA",NA,NA,NA,"AW: 11 | QA: 1 | Total: 12","RB: 2 | AW: 11 | QA: 1 | Total: 14","AW: 11 | QA: 1 | Total: 12",NA
"RU77","AW, RB",16,"2013, 2016",2,"12 : AW | 2 : RB",NA,NA,"2 : RB",NA,NA,NA,"RB: 2 | Total: 2","AW: 12 | RB: 4 | Total: 16","RB: 2 | Total: 2",NA
"RU78","TR, PA, RB, FP",57,"2013, 2014, 2015, 2016, 2017, 2018, 2019",7,"6 : TR","6 : TR","2 : FP | 12 : PA | 6 : TR","6 : TR","6 : TR","1 : RB | 6 : TR","1 : RB | 5 : TR","TR: 23 | RB: 2 | Total: 25","TR: 36 | FP: 2 | PA: 12 | RB: 1 | Total: 51","FP: 2 | PA: 12 | TR: 29 | RB: 2 | Total: 45","TR: 17 | RB: 2 | Total: 19"
"RU79","AW",22,"2014, 2019",2,NA,"12 : AW",NA,NA,NA,NA,"10 : AW","AW: 10 | Total: 10","AW: 12 | Total: 12","AW: 10 | Total: 10","AW: 10 | Total: 10"
"RU80","RL, TR, TM, FP, PA, RB",134,"2013, 2014, 2015, 2016, 2017, 2018, 2019",7,"28 : RL | 6 : TR","1 : FP | 1 : RB | 28 : RL | 6 : TM | 6 : TR","6 : TR","6 : TR","1 : FP | 6 : TR","6 : PA | 6 : TR","22 : RL | 5 : TR","TR: 23 | FP: 1 | PA: 6 | RL: 22 | Total: 52","RL: 56 | TR: 36 | FP: 2 | RB: 1 | TM: 6 | PA: 6 | Total: 107","TR: 29 | FP: 1 | PA: 6 | RL: 22 | Total: 58","FP: 1 | TR: 17 | PA: 6 | RL: 22 | Total: 46"
"RU81","RB, AW, RL, QA, TM",98,"2015, 2017, 2018, 2016, 2019",5,NA,NA,"2 : RB | 31 : RL","1 : QA | 28 : RL","6 : AW","6 : AW | 2 : RB","2 : RB | 20 : TM","QA: 1 | RL: 28 | AW: 12 | RB: 4 | TM: 20 | Total: 65","RB: 4 | RL: 59 | QA: 1 | AW: 12 | Total: 76","RB: 6 | RL: 59 | QA: 1 | AW: 12 | TM: 20 | Total: 98","AW: 12 | RB: 4 | TM: 20 | Total: 36"
"RU82","AW, PA",24,"2013, 2016",2,"12 : AW",NA,NA,"12 : PA",NA,NA,NA,"PA: 12 | Total: 12","AW: 12 | PA: 12 | Total: 24","PA: 12 | Total: 12",NA
"RU83","TR",41,"2013, 2014, 2015, 2016, 2017, 2018, 2019",7,"6 : TR","6 : TR","6 : TR","6 : TR","6 : TR","6 : TR","5 : TR","TR: 23 | Total: 23","TR: 36 | Total: 36","TR: 29 | Total: 29","TR: 17 | Total: 17"
"RU84","AW, QA, RB",16,"2016",1,NA,NA,NA,"11 : AW | 1 : QA | 4 : RB",NA,NA,NA,"AW: 11 | QA: 1 | RB: 4 | Total: 16","AW: 11 | QA: 1 | RB: 4 | Total: 16","AW: 11 | QA: 1 | RB: 4 | Total: 16",NA
"RU85","AW, RB, TM",27,"2014, 2015, 2018, 2019",4,NA,"12 : AW","2 : RB",NA,NA,"1 : RB","2 : RB | 10 : TM","RB: 3 | TM: 10 | Total: 13","AW: 12 | RB: 3 | Total: 15","RB: 5 | TM: 10 | Total: 15","RB: 3 | TM: 10 | Total: 13"
"RU86","RB, AW, QA",14,"2014, 2017, 2018",3,NA,"2 : RB",NA,NA,"6 : AW","5 : AW | 1 : QA",NA,"AW: 11 | QA: 1 | Total: 12","RB: 2 | AW: 11 | QA: 1 | Total: 14","AW: 11 | QA: 1 | Total: 12","AW: 11 | QA: 1 | Total: 12"
"RU87","RB, FP, TR",53,"2014, 2015, 2016, 2018, 2013, 2017, 2019",7,"6 : TR","2 : FP | 2 : RB | 6 : TR","2 : RB | 6 : TR","2 : FP | 6 : TR","6 : TR","1 : FP | 6 : TR","2 : FP | 6 : TR","FP: 5 | TR: 24 | Total: 29","TR: 36 | FP: 5 | RB: 4 | Total: 45","RB: 2 | TR: 30 | FP: 5 | Total: 37","TR: 18 | FP: 3 | Total: 21"
"RU88","PA, FP, AW",25,"2014, 2019",2,NA,"2 : FP | 12 : PA",NA,NA,NA,NA,"11 : AW","AW: 11 | Total: 11","FP: 2 | PA: 12 | Total: 14","AW: 11 | Total: 11","AW: 11 | Total: 11"
"RU89","AW",12,"2015",1,NA,NA,"12 : AW",NA,NA,NA,NA,NA,"AW: 12 | Total: 12","AW: 12 | Total: 12",NA
"RU90","AW",12,"2017, 2018",2,NA,NA,NA,NA,"6 : AW","6 : AW",NA,"AW: 12 | Total: 12","AW: 12 | Total: 12","AW: 12 | Total: 12","AW: 12 | Total: 12"
"RU91","FP, RB, PA",20,"2014, 2015, 2019",3,NA,"2 : FP | 12 : PA | 2 : RB","2 : RB",NA,NA,NA,"1 : FP | 1 : PA","FP: 1 | PA: 1 | Total: 2","FP: 2 | PA: 12 | RB: 4 | Total: 18","RB: 2 | FP: 1 | PA: 1 | Total: 4","FP: 1 | PA: 1 | Total: 2"
"RU92","TR",41,"2013, 2014, 2015, 2016, 2017, 2018, 2019",7,"6 : TR","6 : TR","6 : TR","6 : TR","6 : TR","6 : TR","5 : TR","TR: 23 | Total: 23","TR: 36 | Total: 36","TR: 29 | Total: 29","TR: 17 | Total: 17"
"RU93","RL, RB",178,"2014, 2016, 2018, 2017, 2019",5,NA,"49 : RL",NA,"47 : RL","2 : RB","46 : RL","34 : RL","RL: 127 | RB: 2 | Total: 129","RL: 142 | RB: 2 | Total: 144","RL: 127 | RB: 2 | Total: 129","RB: 2 | RL: 80 | Total: 82"
"RU94","RL, DR",389,"2014, 2016, 2018, 2015, 2017, 2019",6,NA,"7 : DR | 104 : RL","7 : DR","7 : DR | 106 : RL","3 : DR","2 : DR | 90 : RL","63 : RL","DR: 12 | RL: 259 | Total: 271","DR: 26 | RL: 300 | Total: 326","DR: 19 | RL: 259 | Total: 278","DR: 5 | RL: 153 | Total: 158"
"YA03","AW",10,"2019",1,NA,NA,NA,NA,NA,NA,"10 : AW","AW: 10 | Total: 10",NA,"AW: 10 | Total: 10","AW: 10 | Total: 10"
"YA04","AW",10,"2019",1,NA,NA,NA,NA,NA,NA,"10 : AW","AW: 10 | Total: 10",NA,"AW: 10 | Total: 10","AW: 10 | Total: 10"
